keyword,title,price,raw_price,old_price,extracted_old_price,rating,reviews,platform,position,delivery,link,thumbnail,brand,price_range,visibility_score,discount_percentage
office chair ergonomic,HP office chair ergonomic Model 603,36225.0,,,,3.7,3241,Croma,,2 Days,,,HP,Luxury,,
microwave oven convection,Samsung microwave oven convection Model 524,,,,,4.7,1294,Amazon,,Free Delivery,,,Samsung,Unknown,,
power bank fast charging,Samsung power bank fast charging Model 402,,,,,,3070,Croma,,Free Delivery,,,Samsung,Unknown,,
microwave oven convection,Dell microwave oven convection Model 877,2507.0,,,,4.7,3446,Flipkart,,Free Delivery,,,Dell,Mid-Range,,
men running shoes,Dell men running shoes Model 536,2176.0,,,,3.8,2031,Croma,,5 Days,,,Dell,Mid-Range,,
power bank fast charging,Samsung power bank fast charging Model 562,5331.0,,,,,4124,Reliance Digital,,5 Days,,,Samsung,Premium,,
air fryer India,Philips air fryer India Model 259,,,,,2.8,1761,Croma,,5 Days,,,Philips,Unknown,,
office chair ergonomic,Philips office chair ergonomic Model 836,4564.0,,,,3.0,1540,Amazon,,Free Delivery,,,Philips,Mid-Range,,
microwave oven convection,Boat microwave oven convection Model 588,21830.0,,,,4.0,126,Croma,,Free Delivery,,,Boat,Luxury,,
office chair ergonomic,Puma office chair ergonomic Model 591,19233.0,,,,4.6,3911,Reliance Digital,,5 Days,,,Puma,Premium,,
men running shoes,Boat men running shoes Model 859,20381.0,,,,,684,Amazon,,2 Days,,,Boat,Luxury,,
office chair ergonomic,Puma office chair ergonomic Model 417,8744.0,,,,4.9,3832,Croma,,2 Days,,,Puma,Premium,,
power bank fast charging,Dell power bank fast charging Model 575,190200.0,,,,4.5,4367,Croma,,Free Delivery,,,Dell,Luxury,,
power bank fast charging,Sony power bank fast charging Model 896,5150.0,,,,5.0,2220,Croma,,2 Days,,,Unknown,Premium,,
air fryer India,Philips air fryer India Model 339,45304.0,,,,2.7,1761,Reliance Digital,,2 Days,,,Philips,Luxury,,
men running shoes,Philips men running shoes Model 418,9160.0,,,,3.7,2887,Amazon,,5 Days,,,Philips,Premium,,
power bank fast charging,LG power bank fast charging Model 382,10945.0,,,,2.9,3032,Amazon,,Free Delivery,,,LG,Premium,,
microwave oven convection,HP microwave oven convection Model 409,17931.0,,,,2.9,4166,Amazon,,2 Days,,,HP,Premium,,
office chair ergonomic,Puma office chair ergonomic Model 198,15160.0,,,,3.2,1275,Flipkart,,2 Days,,,Puma,Premium,,
microwave oven convection,Samsung microwave oven convection Model 810,,,,,3.3,105,Croma,,Free Delivery,,,Samsung,Unknown,,
air fryer India,Sony air fryer India Model 266,45361.0,,,,3.1,2934,Croma,,5 Days,,,Unknown,Luxury,,
men running shoes,Puma men running shoes Model 233,,,,,4.2,4990,Flipkart,,Free Delivery,,,Puma,Unknown,,
power bank fast charging,Puma power bank fast charging Model 621,48199.0,,,,,203,Amazon,,2 Days,,,Puma,Luxury,,
microwave oven convection,LG microwave oven convection Model 479,,,,,3.6,1335,Amazon,,5 Days,,,LG,Unknown,,
men running shoes,Nike men running shoes Model 602,22310.0,,,,3.8,255,Croma,,5 Days,,,Nike,Luxury,,
microwave oven convection,LG microwave oven convection Model 351,31911.0,,,,4.4,2073,Reliance Digital,,2 Days,,,LG,Luxury,,
office chair ergonomic,Nike office chair ergonomic Model 173,33852.0,,,,4.4,3965,Amazon,,2 Days,,,Nike,Luxury,,
men running shoes,HP men running shoes Model 796,16321.0,,,,4.8,4474,Flipkart,,5 Days,,,HP,Premium,,
power bank fast charging,Puma power bank fast charging Model 343,889.0,,,,4.9,3557,Reliance Digital,,5 Days,,,Puma,Budget,,
microwave oven convection,Nike microwave oven convection Model 438,1670.0,,,,3.9,1982,Amazon,,2 Days,,,Nike,Mid-Range,,
office chair ergonomic,Sony office chair ergonomic Model 955,28760.0,,,,3.6,2169,Flipkart,,2 Days,,,Unknown,Luxury,,
microwave oven convection,Nike microwave oven convection Model 917,4484.0,,,,3.0,3422,Reliance Digital,,5 Days,,,Nike,Mid-Range,,
air fryer India,Dell air fryer India Model 250,25576.0,,,,2.9,1041,Flipkart,,5 Days,,,Dell,Luxury,,
power bank fast charging,Boat power bank fast charging Model 977,,,,,3.3,2070,Amazon,,5 Days,,,Boat,Unknown,,
microwave oven convection,Dell microwave oven convection Model 272,438510.0,,,,4.5,351,Reliance Digital,,5 Days,,,Dell,Luxury,,
air fryer India,LG air fryer India Model 797,10526.0,,,,4.7,4373,Reliance Digital,,2 Days,,,LG,Premium,,
office chair ergonomic,LG office chair ergonomic Model 187,7370.0,,,,4.9,324,Flipkart,,5 Days,,,LG,Premium,,
power bank fast charging,LG power bank fast charging Model 927,5380.0,,,,2.6,1069,Croma,,Free Delivery,,,LG,Premium,,
office chair ergonomic,Boat office chair ergonomic Model 251,10118.0,,,,3.7,2270,Amazon,,2 Days,,,Boat,Premium,,
men running shoes,Philips men running shoes Model 769,6357.0,,,,3.3,255,Reliance Digital,,5 Days,,,Philips,Premium,,
power bank fast charging,Dell power bank fast charging Model 326,35283.0,,,,3.8,4008,Amazon,,2 Days,,,Dell,Luxury,,
men running shoes,Dell men running shoes Model 450,2830.0,,,,2.9,3675,Amazon,,2 Days,,,Dell,Mid-Range,,
power bank fast charging,LG power bank fast charging Model 330,28981.0,,,,3.8,4349,Croma,,2 Days,,,LG,Luxury,,
office chair ergonomic,LG office chair ergonomic Model 365,42218.0,,,,3.0,138,Amazon,,Free Delivery,,,LG,Luxury,,
men running shoes,LG men running shoes Model 272,20795.0,,,,4.1,1456,Flipkart,,2 Days,,,LG,Luxury,,
microwave oven convection,HP microwave oven convection Model 260,10399.0,,,,4.8,1364,Croma,,2 Days,,,HP,Premium,,
power bank fast charging,Puma power bank fast charging Model 256,,,,,,3436,Amazon,,Free Delivery,,,Puma,Unknown,,
men running shoes,HP men running shoes Model 980,22136.0,,,,4.4,2269,Croma,,Free Delivery,,,HP,Luxury,,
power bank fast charging,Boat power bank fast charging Model 625,38621.0,,,,3.5,2443,Amazon,,2 Days,,,Boat,Luxury,,
office chair ergonomic,HP office chair ergonomic Model 850,47613.0,,,,4.9,4909,Croma,,5 Days,,,HP,Luxury,,
microwave oven convection,Boat microwave oven convection Model 255,9089.0,,,,4.1,3138,Croma,,5 Days,,,Boat,Premium,,
air fryer India,Sony air fryer India Model 404,10311.0,,,,2.9,2685,Croma,,Free Delivery,,,Unknown,Premium,,
air fryer India,Philips air fryer India Model 313,38075.0,,,,3.5,1080,Amazon,,Free Delivery,,,Philips,Luxury,,
microwave oven convection,Puma microwave oven convection Model 765,8497.0,,,,2.6,1408,Croma,,2 Days,,,Puma,Premium,,
microwave oven convection,LG microwave oven convection Model 377,15541.0,,,,,1848,Reliance Digital,,5 Days,,,LG,Premium,,
power bank fast charging,Nike power bank fast charging Model 332,20043.0,,,,3.7,2355,Flipkart,,2 Days,,,Nike,Luxury,,
microwave oven convection,Puma microwave oven convection Model 583,33632.0,,,,4.5,,Reliance Digital,,Free Delivery,,,Puma,Luxury,,
men running shoes,Philips men running shoes Model 437,8752.0,,,,4.7,3962,Amazon,,5 Days,,,Philips,Premium,,
microwave oven convection,Sony microwave oven convection Model 873,35455.0,,,,3.7,2825,Flipkart,,5 Days,,,Unknown,Luxury,,
microwave oven convection,Boat microwave oven convection Model 875,6446.0,,,,4.6,613,Amazon,,2 Days,,,Boat,Premium,,
microwave oven convection,Sony microwave oven convection Model 369,4789.0,,,,4.6,589,Amazon,,5 Days,,,Unknown,Mid-Range,,
men running shoes,Dell men running shoes Model 900,8466.0,,,,3.2,3377,Croma,,2 Days,,,Dell,Premium,,
men running shoes,Philips men running shoes Model 503,46885.0,,,,4.4,986,Amazon,,Free Delivery,,,Philips,Luxury,,
microwave oven convection,Sony microwave oven convection Model 912,,,,,4.0,1238,Reliance Digital,,2 Days,,,Unknown,Unknown,,
men running shoes,Samsung men running shoes Model 630,,,,,2.7,1756,Amazon,,2 Days,,,Samsung,Unknown,,
men running shoes,HP men running shoes Model 956,1861.0,,,,3.9,652,Croma,,5 Days,,,HP,Mid-Range,,
air fryer India,Dell air fryer India Model 284,36220.0,,,,3.6,2875,Croma,,Free Delivery,,,Dell,Luxury,,
microwave oven convection,Dell microwave oven convection Model 370,41318.0,,,,3.8,4161,Reliance Digital,,2 Days,,,Dell,Luxury,,
office chair ergonomic,Puma office chair ergonomic Model 514,,,,,4.4,3775,Croma,,5 Days,,,Puma,Unknown,,
men running shoes,Samsung men running shoes Model 311,47745.0,,,,,1278,Flipkart,,Free Delivery,,,Samsung,Luxury,,
microwave oven convection,Nike microwave oven convection Model 591,,,,,2.7,3821,Reliance Digital,,5 Days,,,Nike,Unknown,,
air fryer India,Dell air fryer India Model 810,10588.0,,,,3.9,4559,Croma,,5 Days,,,Dell,Premium,,
air fryer India,HP air fryer India Model 922,15908.0,,,,3.0,2532,Reliance Digital,,5 Days,,,HP,Premium,,
power bank fast charging,Boat power bank fast charging Model 137,,,,,,1650,Reliance Digital,,5 Days,,,Boat,Unknown,,
microwave oven convection,HP microwave oven convection Model 231,15909.0,,,,3.3,3043,Reliance Digital,,Free Delivery,,,HP,Premium,,
office chair ergonomic,Nike office chair ergonomic Model 462,23777.0,,,,3.7,1783,Croma,,2 Days,,,Nike,Luxury,,
microwave oven convection,Puma microwave oven convection Model 380,17378.0,,,,4.6,4702,Flipkart,,5 Days,,,Puma,Premium,,
men running shoes,HP men running shoes Model 157,35128.0,,,,4.7,2310,Reliance Digital,,2 Days,,,HP,Luxury,,
office chair ergonomic,LG office chair ergonomic Model 374,,,,,4.5,1364,Croma,,5 Days,,,LG,Unknown,,
men running shoes,Philips men running shoes Model 776,12533.0,,,,4.8,208,Flipkart,,Free Delivery,,,Philips,Premium,,
air fryer India,Samsung air fryer India Model 961,14116.0,,,,2.6,2903,Croma,,Free Delivery,,,Samsung,Premium,,
power bank fast charging,Nike power bank fast charging Model 363,702.0,,,,4.5,1477,Flipkart,,2 Days,,,Nike,Budget,,
men running shoes,Dell men running shoes Model 705,20430.0,,,,4.6,4958,Croma,,2 Days,,,Dell,Luxury,,
microwave oven convection,Samsung microwave oven convection Model 692,49213.0,,,,4.9,4261,Amazon,,Free Delivery,,,Samsung,Luxury,,
microwave oven convection,HP microwave oven convection Model 498,36910.0,,,,3.3,1021,Flipkart,,2 Days,,,HP,Luxury,,
microwave oven convection,Boat microwave oven convection Model 460,16391.0,,,,4.4,4959,Croma,,2 Days,,,Boat,Premium,,
office chair ergonomic,Boat office chair ergonomic Model 748,27212.0,,,,3.0,2333,Flipkart,,Free Delivery,,,Boat,Luxury,,
power bank fast charging,LG power bank fast charging Model 928,23555.0,,,,4.9,506,Flipkart,,Free Delivery,,,LG,Luxury,,
office chair ergonomic,HP office chair ergonomic Model 934,42606.0,,,,3.0,3555,Flipkart,,Free Delivery,,,HP,Luxury,,
power bank fast charging,Sony power bank fast charging Model 242,17801.0,,,,3.4,2910,Croma,,2 Days,,,Unknown,Premium,,
microwave oven convection,Dell microwave oven convection Model 190,41050.0,,,,4.4,1230,Reliance Digital,,Free Delivery,,,Dell,Luxury,,
power bank fast charging,Philips power bank fast charging Model 319,38764.0,,,,,416,Croma,,5 Days,,,Philips,Luxury,,
power bank fast charging,Samsung power bank fast charging Model 461,2621.0,,,,4.9,112,Amazon,,Free Delivery,,,Samsung,Mid-Range,,
power bank fast charging,Boat power bank fast charging Model 133,4165.0,,,,3.4,2655,Croma,,5 Days,,,Boat,Mid-Range,,
office chair ergonomic,Philips office chair ergonomic Model 510,48400.0,,,,4.8,469,Reliance Digital,,Free Delivery,,,Philips,Luxury,,
men running shoes,Boat men running shoes Model 369,,,,,3.6,1998,Flipkart,,2 Days,,,Boat,Unknown,,
microwave oven convection,Sony microwave oven convection Model 340,,,,,4.3,4487,Reliance Digital,,5 Days,,,Unknown,Unknown,,
office chair ergonomic,Nike office chair ergonomic Model 416,,,,,3.7,1943,Croma,,Free Delivery,,,Nike,Unknown,,
air fryer India,Philips air fryer India Model 746,,,,,4.0,4869,Croma,,Free Delivery,,,Philips,Unknown,,
men running shoes,LG men running shoes Model 542,,,,,3.8,2690,Reliance Digital,,5 Days,,,LG,Unknown,,
air fryer India,Philips air fryer India Model 250,32487.0,,,,4.5,2194,Reliance Digital,,Free Delivery,,,Philips,Luxury,,
men running shoes,LG men running shoes Model 220,13243.0,,,,3.7,1513,Flipkart,,Free Delivery,,,LG,Premium,,
microwave oven convection,Dell microwave oven convection Model 363,27413.0,,,,3.1,1596,Flipkart,,2 Days,,,Dell,Luxury,,
power bank fast charging,HP power bank fast charging Model 389,18862.0,,,,4.7,4825,Flipkart,,5 Days,,,HP,Premium,,
air fryer India,Puma air fryer India Model 420,19293.0,,,,3.5,721,Amazon,,2 Days,,,Puma,Premium,,
air fryer India,Dell air fryer India Model 471,25906.0,,,,2.8,2582,Reliance Digital,,Free Delivery,,,Dell,Luxury,,
men running shoes,Puma men running shoes Model 302,46676.0,,,,3.0,1248,Flipkart,,Free Delivery,,,Puma,Luxury,,
air fryer India,Sony air fryer India Model 232,44203.0,,,,4.7,2799,Croma,,Free Delivery,,,Unknown,Luxury,,
power bank fast charging,Dell power bank fast charging Model 386,,,,,4.2,962,Reliance Digital,,Free Delivery,,,Dell,Unknown,,
microwave oven convection,HP microwave oven convection Model 285,,,,,,2826,Flipkart,,2 Days,,,HP,Unknown,,
air fryer India,Puma air fryer India Model 349,30268.0,,,,4.2,3941,Croma,,Free Delivery,,,Puma,Luxury,,
men running shoes,Boat men running shoes Model 401,146220.0,,,,3.2,1261,Reliance Digital,,5 Days,,,Boat,Luxury,,
power bank fast charging,Nike power bank fast charging Model 369,44892.0,,,,3.9,383,Amazon,,2 Days,,,Nike,Luxury,,
microwave oven convection,HP microwave oven convection Model 284,44322.0,,,,4.3,2946,Croma,,5 Days,,,HP,Luxury,,
air fryer India,Boat air fryer India Model 908,41753.0,,,,4.3,3905,Reliance Digital,,Free Delivery,,,Boat,Luxury,,
office chair ergonomic,LG office chair ergonomic Model 572,23787.0,,,,4.4,2192,Croma,,Free Delivery,,,LG,Luxury,,
men running shoes,Nike men running shoes Model 761,22667.0,,,,4.7,1929,Flipkart,,Free Delivery,,,Nike,Luxury,,
office chair ergonomic,LG office chair ergonomic Model 655,41827.0,,,,4.1,,Flipkart,,Free Delivery,,,LG,Luxury,,
air fryer India,LG air fryer India Model 811,33630.0,,,,4.0,1597,Reliance Digital,,Free Delivery,,,LG,Luxury,,
microwave oven convection,Puma microwave oven convection Model 556,192440.0,,,,4.3,4490,Croma,,2 Days,,,Puma,Luxury,,
air fryer India,LG air fryer India Model 528,48545.0,,,,4.5,309,Flipkart,,5 Days,,,LG,Luxury,,
microwave oven convection,LG microwave oven convection Model 606,30148.0,,,,2.7,4899,Croma,,5 Days,,,LG,Luxury,,
power bank fast charging,Dell power bank fast charging Model 949,26802.0,,,,2.9,3666,Flipkart,,Free Delivery,,,Dell,Luxury,,
power bank fast charging,HP power bank fast charging Model 389,,,,,,1152,Croma,,5 Days,,,HP,Unknown,,
power bank fast charging,Sony power bank fast charging Model 531,32369.0,,,,2.6,2525,Flipkart,,Free Delivery,,,Unknown,Luxury,,
men running shoes,Samsung men running shoes Model 624,,,,,,4218,Croma,,5 Days,,,Samsung,Unknown,,
office chair ergonomic,Nike office chair ergonomic Model 985,46962.0,,,,3.6,526,Croma,,2 Days,,,Nike,Luxury,,
power bank fast charging,HP power bank fast charging Model 469,23432.0,,,,3.3,,Croma,,2 Days,,,HP,Luxury,,
power bank fast charging,Samsung power bank fast charging Model 954,16114.0,,,,3.1,3197,Reliance Digital,,2 Days,,,Samsung,Premium,,
power bank fast charging,Puma power bank fast charging Model 144,36520.0,,,,3.1,3011,Reliance Digital,,5 Days,,,Puma,Luxury,,
office chair ergonomic,Nike office chair ergonomic Model 799,48982.0,,,,3.3,3233,Amazon,,Free Delivery,,,Nike,Luxury,,
power bank fast charging,Samsung power bank fast charging Model 447,14024.0,,,,4.0,3085,Reliance Digital,,Free Delivery,,,Samsung,Premium,,
air fryer India,LG air fryer India Model 152,28647.0,,,,3.9,3757,Flipkart,,5 Days,,,LG,Luxury,,
office chair ergonomic,Nike office chair ergonomic Model 321,17858.0,,,,3.7,666,Flipkart,,5 Days,,,Nike,Premium,,
air fryer India,Nike air fryer India Model 609,34421.0,,,,2.8,660,Amazon,,Free Delivery,,,Nike,Luxury,,
power bank fast charging,Boat power bank fast charging Model 295,17152.0,,,,3.9,1879,Flipkart,,Free Delivery,,,Boat,Premium,,
power bank fast charging,Samsung power bank fast charging Model 308,780.0,,,,2.9,2239,Croma,,2 Days,,,Samsung,Budget,,
men running shoes,Puma men running shoes Model 846,1264.0,,,,4.2,1855,Croma,,5 Days,,,Puma,Mid-Range,,
air fryer India,Dell air fryer India Model 255,26154.0,,,,3.4,1644,Flipkart,,Free Delivery,,,Dell,Luxury,,
power bank fast charging,Sony power bank fast charging Model 220,35128.0,,,,4.3,1617,Amazon,,5 Days,,,Unknown,Luxury,,
air fryer India,Boat air fryer India Model 553,,,,,4.5,1543,Amazon,,2 Days,,,Boat,Unknown,,
microwave oven convection,HP microwave oven convection Model 161,34850.0,,,,4.7,1498,Amazon,,5 Days,,,HP,Luxury,,
power bank fast charging,Puma power bank fast charging Model 131,8933.0,,,,3.8,143,Amazon,,2 Days,,,Puma,Premium,,
office chair ergonomic,Puma office chair ergonomic Model 677,20577.0,,,,3.6,3338,Croma,,5 Days,,,Puma,Luxury,,
power bank fast charging,LG power bank fast charging Model 664,34516.0,,,,4.0,2812,Amazon,,Free Delivery,,,LG,Luxury,,
microwave oven convection,Puma microwave oven convection Model 871,11766.0,,,,4.5,4784,Reliance Digital,,5 Days,,,Puma,Premium,,
men running shoes,HP men running shoes Model 660,,,,,4.1,1332,Croma,,5 Days,,,HP,Unknown,,
power bank fast charging,Philips power bank fast charging Model 956,22658.0,,,,4.3,4250,Amazon,,2 Days,,,Philips,Luxury,,
air fryer India,HP air fryer India Model 320,,,,,3.4,381,Reliance Digital,,Free Delivery,,,HP,Unknown,,
air fryer India,Puma air fryer India Model 328,22632.0,,,,4.8,2008,Amazon,,Free Delivery,,,Puma,Luxury,,
microwave oven convection,Boat microwave oven convection Model 117,12123.0,,,,4.6,4412,Flipkart,,5 Days,,,Boat,Premium,,
microwave oven convection,Philips microwave oven convection Model 955,,,,,4.3,4330,Flipkart,,5 Days,,,Philips,Unknown,,
power bank fast charging,HP power bank fast charging Model 832,30429.0,,,,4.4,4501,Flipkart,,Free Delivery,,,HP,Luxury,,
power bank fast charging,Sony power bank fast charging Model 552,1240.0,,,,4.0,1072,Flipkart,,Free Delivery,,,Unknown,Mid-Range,,
men running shoes,Nike men running shoes Model 523,19303.0,,,,4.7,3172,Amazon,,2 Days,,,Nike,Premium,,
office chair ergonomic,Sony office chair ergonomic Model 587,2295.0,,,,,4417,Croma,,5 Days,,,Unknown,Mid-Range,,
microwave oven convection,Nike microwave oven convection Model 158,325160.0,,,,3.5,4292,Croma,,5 Days,,,Nike,Luxury,,
office chair ergonomic,Puma office chair ergonomic Model 360,24626.0,,,,2.8,3256,Croma,,Free Delivery,,,Puma,Luxury,,
power bank fast charging,Dell power bank fast charging Model 204,49421.0,,,,2.6,1928,Flipkart,,Free Delivery,,,Dell,Luxury,,
air fryer India,Nike air fryer India Model 534,17928.0,,,,3.4,3731,Reliance Digital,,2 Days,,,Nike,Premium,,
men running shoes,LG men running shoes Model 145,30111.0,,,,3.1,702,Reliance Digital,,Free Delivery,,,LG,Luxury,,
air fryer India,Philips air fryer India Model 360,17016.0,,,,3.5,2921,Reliance Digital,,Free Delivery,,,Philips,Premium,,
power bank fast charging,HP power bank fast charging Model 824,3841.0,,,,3.8,1977,Amazon,,5 Days,,,HP,Mid-Range,,
microwave oven convection,Samsung microwave oven convection Model 836,17755.0,,,,3.3,903,Reliance Digital,,Free Delivery,,,Samsung,Premium,,
power bank fast charging,Samsung power bank fast charging Model 858,4182.0,,,,4.4,2560,Amazon,,Free Delivery,,,Samsung,Mid-Range,,
power bank fast charging,LG power bank fast charging Model 466,49248.0,,,,,1875,Amazon,,5 Days,,,LG,Luxury,,
men running shoes,Nike men running shoes Model 143,44839.0,,,,2.6,3003,Flipkart,,Free Delivery,,,Nike,Luxury,,
power bank fast charging,LG power bank fast charging Model 591,,,,,3.4,2625,Amazon,,Free Delivery,,,LG,Unknown,,
office chair ergonomic,Boat office chair ergonomic Model 149,17627.0,,,,3.6,2289,Amazon,,2 Days,,,Boat,Premium,,
power bank fast charging,LG power bank fast charging Model 249,,,,,2.8,2046,Flipkart,,Free Delivery,,,LG,Unknown,,
office chair ergonomic,Puma office chair ergonomic Model 996,66760.0,,,,3.1,2181,Reliance Digital,,5 Days,,,Puma,Luxury,,
office chair ergonomic,Philips office chair ergonomic Model 390,,,,,,2563,Reliance Digital,,5 Days,,,Philips,Unknown,,
power bank fast charging,LG power bank fast charging Model 549,32260.0,,,,4.7,1850,Reliance Digital,,5 Days,,,LG,Luxury,,
power bank fast charging,Philips power bank fast charging Model 461,,,,,3.1,4526,Amazon,,2 Days,,,Philips,Unknown,,
office chair ergonomic,Sony office chair ergonomic Model 269,35424.0,,,,3.8,886,Amazon,,5 Days,,,Unknown,Luxury,,
air fryer India,Philips air fryer India Model 729,21132.0,,,,2.7,4262,Croma,,Free Delivery,,,Philips,Luxury,,
men running shoes,Philips men running shoes Model 417,12377.0,,,,4.1,1839,Flipkart,,5 Days,,,Philips,Premium,,
power bank fast charging,Nike power bank fast charging Model 843,21420.0,,,,4.5,465,Flipkart,,Free Delivery,,,Nike,Luxury,,
office chair ergonomic,Nike office chair ergonomic Model 207,18384.0,,,,3.9,3798,Flipkart,,2 Days,,,Nike,Premium,,
microwave oven convection,HP microwave oven convection Model 936,39408.0,,,,4.2,3196,Croma,,5 Days,,,HP,Luxury,,
air fryer India,Philips air fryer India Model 269,,,,,3.6,1770,Flipkart,,5 Days,,,Philips,Unknown,,
office chair ergonomic,LG office chair ergonomic Model 518,37579.0,,,,3.0,2735,Amazon,,2 Days,,,LG,Luxury,,
men running shoes,Boat men running shoes Model 196,6965.0,,,,4.7,281,Amazon,,Free Delivery,,,Boat,Premium,,
power bank fast charging,LG power bank fast charging Model 926,5841.0,,,,3.5,1593,Croma,,5 Days,,,LG,Premium,,
power bank fast charging,Samsung power bank fast charging Model 204,35892.0,,,,4.0,4811,Amazon,,2 Days,,,Samsung,Luxury,,
men running shoes,Boat men running shoes Model 488,34899.0,,,,4.3,2120,Amazon,,5 Days,,,Boat,Luxury,,
air fryer India,Philips air fryer India Model 777,24223.0,,,,2.9,2765,Reliance Digital,,5 Days,,,Philips,Luxury,,
office chair ergonomic,Puma office chair ergonomic Model 336,,,,,3.3,4418,Flipkart,,2 Days,,,Puma,Unknown,,
air fryer India,LG air fryer India Model 328,,,,,3.9,2799,Reliance Digital,,5 Days,,,LG,Unknown,,
microwave oven convection,LG microwave oven convection Model 465,35692.0,,,,3.1,560,Flipkart,,2 Days,,,LG,Luxury,,
men running shoes,Philips men running shoes Model 921,6136.0,,,,,3343,Croma,,Free Delivery,,,Philips,Premium,,
men running shoes,Sony men running shoes Model 459,42264.0,,,,3.5,3067,Flipkart,,2 Days,,,Unknown,Luxury,,
office chair ergonomic,Puma office chair ergonomic Model 906,23890.0,,,,,2464,Reliance Digital,,2 Days,,,Puma,Luxury,,
power bank fast charging,Puma power bank fast charging Model 949,87970.0,,,,4.8,1988,Amazon,,Free Delivery,,,Puma,Luxury,,
men running shoes,HP men running shoes Model 911,9329.0,,,,4.5,418,Amazon,,5 Days,,,HP,Premium,,
air fryer India,HP air fryer India Model 837,20648.0,,,,,866,Reliance Digital,,5 Days,,,HP,Luxury,,
power bank fast charging,LG power bank fast charging Model 340,40436.0,,,,,4359,Reliance Digital,,2 Days,,,LG,Luxury,,
men running shoes,Nike men running shoes Model 543,,,,,3.7,2416,Flipkart,,5 Days,,,Nike,Unknown,,
microwave oven convection,Nike microwave oven convection Model 856,27091.0,,,,4.1,277,Croma,,5 Days,,,Nike,Luxury,,
men running shoes,Boat men running shoes Model 803,20987.0,,,,4.5,3826,Flipkart,,2 Days,,,Boat,Luxury,,
power bank fast charging,Philips power bank fast charging Model 895,,,,,4.6,2596,Croma,,2 Days,,,Philips,Unknown,,
office chair ergonomic,Nike office chair ergonomic Model 698,18380.0,,,,3.1,1698,Reliance Digital,,Free Delivery,,,Nike,Premium,,
office chair ergonomic,Dell office chair ergonomic Model 875,32126.0,,,,3.2,3250,Reliance Digital,,5 Days,,,Dell,Luxury,,
air fryer India,Philips air fryer India Model 596,21238.0,,,,4.8,2607,Flipkart,,Free Delivery,,,Philips,Luxury,,
men running shoes,Boat men running shoes Model 933,,,,,,4626,Reliance Digital,,5 Days,,,Boat,Unknown,,
air fryer India,Samsung air fryer India Model 271,,,,,3.0,2163,Reliance Digital,,5 Days,,,Samsung,Unknown,,
office chair ergonomic,HP office chair ergonomic Model 303,1279.0,,,,4.9,4932,Amazon,,2 Days,,,HP,Mid-Range,,
office chair ergonomic,Philips office chair ergonomic Model 477,10866.0,,,,,4350,Croma,,5 Days,,,Philips,Premium,,
power bank fast charging,Philips power bank fast charging Model 642,28225.0,,,,4.6,2579,Reliance Digital,,2 Days,,,Philips,Luxury,,
air fryer India,Nike air fryer India Model 718,29744.0,,,,4.3,767,Croma,,5 Days,,,Nike,Luxury,,
men running shoes,Puma men running shoes Model 786,46190.0,,,,4.4,4850,Reliance Digital,,2 Days,,,Puma,Luxury,,
air fryer India,Philips air fryer India Model 430,,,,,,2842,Amazon,,2 Days,,,Philips,Unknown,,
power bank fast charging,Puma power bank fast charging Model 482,45981.0,,,,4.7,4614,Croma,,Free Delivery,,,Puma,Luxury,,
air fryer India,Samsung air fryer India Model 258,,,,,3.4,1089,Croma,,2 Days,,,Samsung,Unknown,,
office chair ergonomic,Puma office chair ergonomic Model 101,,,,,4.7,2219,Amazon,,Free Delivery,,,Puma,Unknown,,
air fryer India,Philips air fryer India Model 969,34115.0,,,,3.7,2589,Reliance Digital,,2 Days,,,Philips,Luxury,,
men running shoes,Puma men running shoes Model 582,28024.0,,,,,80,Flipkart,,Free Delivery,,,Puma,Luxury,,
men running shoes,Puma men running shoes Model 698,10209.0,,,,4.2,1801,Reliance Digital,,5 Days,,,Puma,Premium,,
air fryer India,Samsung air fryer India Model 828,46174.0,,,,3.8,996,Flipkart,,2 Days,,,Samsung,Luxury,,
power bank fast charging,Samsung power bank fast charging Model 560,,,,,3.9,3606,Reliance Digital,,5 Days,,,Samsung,Unknown,,
power bank fast charging,Boat power bank fast charging Model 839,14552.0,,,,3.0,3900,Amazon,,Free Delivery,,,Boat,Premium,,
power bank fast charging,Boat power bank fast charging Model 674,37226.0,,,,4.0,240,Amazon,,Free Delivery,,,Boat,Luxury,,
microwave oven convection,Dell microwave oven convection Model 467,2674.0,,,,4.7,1877,Amazon,,2 Days,,,Dell,Mid-Range,,
office chair ergonomic,LG office chair ergonomic Model 721,29876.0,,,,4.9,2562,Croma,,Free Delivery,,,LG,Luxury,,
office chair ergonomic,HP office chair ergonomic Model 674,25437.0,,,,3.0,2042,Croma,,2 Days,,,HP,Luxury,,
microwave oven convection,Samsung microwave oven convection Model 355,19714.0,,,,2.5,658,Amazon,,Free Delivery,,,Samsung,Premium,,
men running shoes,HP men running shoes Model 182,47672.0,,,,3.9,,Reliance Digital,,2 Days,,,HP,Luxury,,
men running shoes,HP men running shoes Model 331,29643.0,,,,4.6,359,Reliance Digital,,2 Days,,,HP,Luxury,,
power bank fast charging,Sony power bank fast charging Model 702,,,,,4.7,4883,Croma,,5 Days,,,Unknown,Unknown,,
office chair ergonomic,Boat office chair ergonomic Model 293,14351.0,,,,3.9,1098,Flipkart,,5 Days,,,Boat,Premium,,
air fryer India,Nike air fryer India Model 642,6086.0,,,,,4274,Flipkart,,5 Days,,,Nike,Premium,,
air fryer India,HP air fryer India Model 311,43097.0,,,,3.6,1168,Reliance Digital,,2 Days,,,HP,Luxury,,
office chair ergonomic,HP office chair ergonomic Model 929,48052.0,,,,3.8,37,Croma,,2 Days,,,HP,Luxury,,
office chair ergonomic,Nike office chair ergonomic Model 400,14284.0,,,,4.7,1381,Croma,,Free Delivery,,,Nike,Premium,,
men running shoes,Nike men running shoes Model 617,17198.0,,,,3.8,3865,Croma,,5 Days,,,Nike,Premium,,
power bank fast charging,HP power bank fast charging Model 745,30753.0,,,,4.6,884,Reliance Digital,,2 Days,,,HP,Luxury,,
men running shoes,Philips men running shoes Model 827,,,,,2.7,2023,Flipkart,,Free Delivery,,,Philips,Unknown,,
microwave oven convection,LG microwave oven convection Model 103,45883.0,,,,4.5,1488,Flipkart,,2 Days,,,LG,Luxury,,
microwave oven convection,Nike microwave oven convection Model 484,35539.0,,,,,461,Reliance Digital,,Free Delivery,,,Nike,Luxury,,
microwave oven convection,Nike microwave oven convection Model 744,14102.0,,,,3.3,355,Reliance Digital,,Free Delivery,,,Nike,Premium,,
power bank fast charging,HP power bank fast charging Model 251,29650.0,,,,4.0,2211,Amazon,,5 Days,,,HP,Luxury,,
men running shoes,Nike men running shoes Model 881,,,,,4.3,3162,Amazon,,Free Delivery,,,Nike,Unknown,,
men running shoes,Philips men running shoes Model 830,37227.0,,,,3.2,2415,Flipkart,,Free Delivery,,,Philips,Luxury,,
men running shoes,Sony men running shoes Model 146,15396.0,,,,4.5,1884,Flipkart,,5 Days,,,Unknown,Premium,,
power bank fast charging,Puma power bank fast charging Model 127,10720.0,,,,4.3,629,Reliance Digital,,Free Delivery,,,Puma,Premium,,
men running shoes,Samsung men running shoes Model 413,14199.0,,,,3.9,4628,Reliance Digital,,Free Delivery,,,Samsung,Premium,,
air fryer India,Samsung air fryer India Model 611,3868.0,,,,2.7,4042,Croma,,2 Days,,,Samsung,Mid-Range,,
power bank fast charging,LG power bank fast charging Model 130,49897.0,,,,3.0,2424,Reliance Digital,,5 Days,,,LG,Luxury,,
office chair ergonomic,Nike office chair ergonomic Model 962,,,,,4.6,2246,Flipkart,,5 Days,,,Nike,Unknown,,
office chair ergonomic,Boat office chair ergonomic Model 306,33632.0,,,,3.7,803,Reliance Digital,,2 Days,,,Boat,Luxury,,
microwave oven convection,Boat microwave oven convection Model 962,13198.0,,,,4.3,3270,Amazon,,2 Days,,,Boat,Premium,,
microwave oven convection,Puma microwave oven convection Model 409,19446.0,,,,,2308,Croma,,2 Days,,,Puma,Premium,,
air fryer India,HP air fryer India Model 794,27642.0,,,,4.9,22,Reliance Digital,,5 Days,,,HP,Luxury,,
power bank fast charging,Boat power bank fast charging Model 410,7209.0,,,,3.8,4713,Flipkart,,Free Delivery,,,Boat,Premium,,
microwave oven convection,Boat microwave oven convection Model 217,4482.0,,,,3.2,779,Croma,,2 Days,,,Boat,Mid-Range,,
power bank fast charging,LG power bank fast charging Model 610,32170.0,,,,3.4,852,Reliance Digital,,Free Delivery,,,LG,Luxury,,
power bank fast charging,Samsung power bank fast charging Model 384,11076.0,,,,4.4,2498,Amazon,,Free Delivery,,,Samsung,Premium,,
air fryer India,Puma air fryer India Model 890,22607.0,,,,3.3,2977,Reliance Digital,,2 Days,,,Puma,Luxury,,
microwave oven convection,HP microwave oven convection Model 255,150250.0,,,,4.8,644,Reliance Digital,,Free Delivery,,,HP,Luxury,,
microwave oven convection,LG microwave oven convection Model 538,,,,,4.3,3962,Reliance Digital,,5 Days,,,LG,Unknown,,
men running shoes,Nike men running shoes Model 445,6514.0,,,,3.1,3970,Amazon,,Free Delivery,,,Nike,Premium,,
power bank fast charging,Nike power bank fast charging Model 184,,,,,2.8,1599,Croma,,2 Days,,,Nike,Unknown,,
power bank fast charging,Puma power bank fast charging Model 391,21690.0,,,,3.2,3331,Flipkart,,2 Days,,,Puma,Luxury,,
office chair ergonomic,LG office chair ergonomic Model 994,13287.0,,,,4.6,414,Croma,,Free Delivery,,,LG,Premium,,
microwave oven convection,Sony microwave oven convection Model 718,,,,,4.0,1163,Croma,,5 Days,,,Unknown,Unknown,,
power bank fast charging,Philips power bank fast charging Model 285,,,,,3.0,2704,Amazon,,5 Days,,,Philips,Unknown,,
men running shoes,HP men running shoes Model 483,498050.0,,,,3.3,4703,Amazon,,2 Days,,,HP,Luxury,,
men running shoes,Boat men running shoes Model 963,1439.0,,,,3.7,2268,Reliance Digital,,Free Delivery,,,Boat,Mid-Range,,
air fryer India,Sony air fryer India Model 556,4039.0,,,,3.1,2150,Amazon,,5 Days,,,Unknown,Mid-Range,,
microwave oven convection,Nike microwave oven convection Model 557,26380.0,,,,4.7,3235,Flipkart,,Free Delivery,,,Nike,Luxury,,
microwave oven convection,HP microwave oven convection Model 907,38823.0,,,,3.2,214,Croma,,2 Days,,,HP,Luxury,,
air fryer India,Nike air fryer India Model 938,6967.0,,,,2.7,2732,Reliance Digital,,5 Days,,,Nike,Premium,,
microwave oven convection,Philips microwave oven convection Model 214,,,,,2.5,343,Reliance Digital,,Free Delivery,,,Philips,Unknown,,
office chair ergonomic,LG office chair ergonomic Model 506,41093.0,,,,3.2,3648,Flipkart,,5 Days,,,LG,Luxury,,
men running shoes,Nike men running shoes Model 469,8496.0,,,,4.5,969,Croma,,2 Days,,,Nike,Premium,,
air fryer India,HP air fryer India Model 735,6304.0,,,,3.9,3336,Amazon,,5 Days,,,HP,Premium,,
men running shoes,Samsung men running shoes Model 267,27684.0,,,,4.4,2165,Flipkart,,5 Days,,,Samsung,Luxury,,
men running shoes,LG men running shoes Model 927,10893.0,,,,,3220,Flipkart,,Free Delivery,,,LG,Premium,,
air fryer India,Boat air fryer India Model 822,317150.0,,,,,912,Reliance Digital,,2 Days,,,Boat,Luxury,,
power bank fast charging,Boat power bank fast charging Model 237,40605.0,,,,4.1,4794,Reliance Digital,,Free Delivery,,,Boat,Luxury,,
men running shoes,Samsung men running shoes Model 400,49074.0,,,,3.4,3514,Reliance Digital,,2 Days,,,Samsung,Luxury,,
air fryer India,Sony air fryer India Model 728,40235.0,,,,4.9,1832,Croma,,Free Delivery,,,Unknown,Luxury,,
office chair ergonomic,Boat office chair ergonomic Model 324,455330.0,,,,4.1,3258,Amazon,,Free Delivery,,,Boat,Luxury,,
microwave oven convection,Puma microwave oven convection Model 672,32574.0,,,,,4159,Reliance Digital,,2 Days,,,Puma,Luxury,,
office chair ergonomic,LG office chair ergonomic Model 906,47981.0,,,,,4032,Flipkart,,5 Days,,,LG,Luxury,,
air fryer India,Nike air fryer India Model 478,18795.0,,,,4.7,4940,Reliance Digital,,Free Delivery,,,Nike,Premium,,
office chair ergonomic,Puma office chair ergonomic Model 268,19653.0,,,,,2571,Amazon,,5 Days,,,Puma,Premium,,
microwave oven convection,Philips microwave oven convection Model 749,12002.0,,,,4.2,1195,Flipkart,,2 Days,,,Philips,Premium,,
microwave oven convection,Puma microwave oven convection Model 481,35873.0,,,,3.1,4742,Amazon,,5 Days,,,Puma,Luxury,,
power bank fast charging,LG power bank fast charging Model 622,13442.0,,,,4.9,2243,Amazon,,5 Days,,,LG,Premium,,
microwave oven convection,LG microwave oven convection Model 140,48117.0,,,,2.7,1141,Flipkart,,5 Days,,,LG,Luxury,,
air fryer India,Philips air fryer India Model 646,11773.0,,,,4.6,2746,Croma,,Free Delivery,,,Philips,Premium,,
office chair ergonomic,Puma office chair ergonomic Model 799,7517.0,,,,3.7,2856,Croma,,2 Days,,,Puma,Premium,,
power bank fast charging,Sony power bank fast charging Model 905,21605.0,,,,3.2,4282,Flipkart,,5 Days,,,Unknown,Luxury,,
men running shoes,LG men running shoes Model 336,10645.0,,,,2.6,1588,Amazon,,2 Days,,,LG,Premium,,
microwave oven convection,HP microwave oven convection Model 797,,,,,4.1,3378,Amazon,,Free Delivery,,,HP,Unknown,,
office chair ergonomic,Sony office chair ergonomic Model 805,33876.0,,,,4.2,4729,Flipkart,,2 Days,,,Unknown,Luxury,,
air fryer India,Sony air fryer India Model 387,,,,,3.4,3668,Flipkart,,2 Days,,,Unknown,Unknown,,
microwave oven convection,LG microwave oven convection Model 265,36060.0,,,,2.7,1104,Amazon,,Free Delivery,,,LG,Luxury,,
men running shoes,Boat men running shoes Model 103,11594.0,,,,3.9,3659,Amazon,,5 Days,,,Boat,Premium,,
microwave oven convection,LG microwave oven convection Model 421,1377.0,,,,5.0,1203,Reliance Digital,,Free Delivery,,,LG,Mid-Range,,
power bank fast charging,Sony power bank fast charging Model 720,8143.0,,,,5.0,1895,Amazon,,2 Days,,,Unknown,Premium,,
power bank fast charging,HP power bank fast charging Model 730,8200.0,,,,2.7,633,Flipkart,,5 Days,,,HP,Premium,,
microwave oven convection,Boat microwave oven convection Model 912,14301.0,,,,3.4,3397,Croma,,5 Days,,,Boat,Premium,,
air fryer India,Philips air fryer India Model 480,48641.0,,,,3.4,436,Flipkart,,Free Delivery,,,Philips,Luxury,,
office chair ergonomic,Samsung office chair ergonomic Model 401,17691.0,,,,4.1,4739,Flipkart,,2 Days,,,Samsung,Premium,,
air fryer India,HP air fryer India Model 467,24241.0,,,,3.6,2577,Croma,,5 Days,,,HP,Luxury,,
microwave oven convection,Philips microwave oven convection Model 811,40899.0,,,,3.1,4061,Croma,,5 Days,,,Philips,Luxury,,
office chair ergonomic,HP office chair ergonomic Model 686,40569.0,,,,4.9,2457,Amazon,,2 Days,,,HP,Luxury,,
men running shoes,Samsung men running shoes Model 708,44224.0,,,,,4643,Reliance Digital,,Free Delivery,,,Samsung,Luxury,,
air fryer India,Sony air fryer India Model 785,,,,,2.8,460,Amazon,,Free Delivery,,,Unknown,Unknown,,
microwave oven convection,Dell microwave oven convection Model 732,22414.0,,,,4.5,4065,Flipkart,,2 Days,,,Dell,Luxury,,
air fryer India,Philips air fryer India Model 717,21851.0,,,,4.4,1283,Reliance Digital,,2 Days,,,Philips,Luxury,,
air fryer India,Philips air fryer India Model 486,32783.0,,,,3.0,3444,Reliance Digital,,Free Delivery,,,Philips,Luxury,,
men running shoes,Samsung men running shoes Model 420,25585.0,,,,4.4,382,Reliance Digital,,Free Delivery,,,Samsung,Luxury,,
men running shoes,HP men running shoes Model 244,27366.0,,,,4.7,171,Amazon,,5 Days,,,HP,Luxury,,
office chair ergonomic,Samsung office chair ergonomic Model 268,,,,,3.8,1147,Reliance Digital,,Free Delivery,,,Samsung,Unknown,,
men running shoes,Boat men running shoes Model 359,,,,,3.6,4967,Croma,,2 Days,,,Boat,Unknown,,
office chair ergonomic,Sony office chair ergonomic Model 515,28389.0,,,,4.6,685,Croma,,Free Delivery,,,Unknown,Luxury,,
office chair ergonomic,Philips office chair ergonomic Model 257,17699.0,,,,2.6,1407,Flipkart,,Free Delivery,,,Philips,Premium,,
microwave oven convection,Dell microwave oven convection Model 900,36248.0,,,,2.9,3267,Flipkart,,Free Delivery,,,Dell,Luxury,,
men running shoes,Dell men running shoes Model 531,7064.0,,,,4.9,2725,Reliance Digital,,2 Days,,,Dell,Premium,,
men running shoes,HP men running shoes Model 526,45586.0,,,,3.7,483,Reliance Digital,,2 Days,,,HP,Luxury,,
men running shoes,Nike men running shoes Model 884,,,,,4.0,1629,Flipkart,,2 Days,,,Nike,Unknown,,
men running shoes,Sony men running shoes Model 823,,,,,,3112,Flipkart,,Free Delivery,,,Unknown,Unknown,,
men running shoes,Puma men running shoes Model 666,23630.0,,,,3.4,982,Flipkart,,5 Days,,,Puma,Luxury,,
air fryer India,Sony air fryer India Model 991,7436.0,,,,4.9,1081,Flipkart,,Free Delivery,,,Unknown,Premium,,
power bank fast charging,Boat power bank fast charging Model 457,18723.0,,,,,3760,Amazon,,2 Days,,,Boat,Premium,,
men running shoes,Nike men running shoes Model 985,5261.0,,,,4.0,947,Reliance Digital,,2 Days,,,Nike,Premium,,
office chair ergonomic,Philips office chair ergonomic Model 290,12568.0,,,,3.3,1037,Amazon,,Free Delivery,,,Philips,Premium,,
office chair ergonomic,Samsung office chair ergonomic Model 945,,,,,3.0,3165,Amazon,,Free Delivery,,,Samsung,Unknown,,
power bank fast charging,Boat power bank fast charging Model 929,,,,,2.7,1299,Flipkart,,2 Days,,,Boat,Unknown,,
microwave oven convection,HP microwave oven convection Model 705,21357.0,,,,4.3,1751,Amazon,,2 Days,,,HP,Luxury,,
microwave oven convection,LG microwave oven convection Model 704,,,,,2.6,4942,Flipkart,,Free Delivery,,,LG,Unknown,,
men running shoes,Samsung men running shoes Model 751,49670.0,,,,4.6,900,Reliance Digital,,2 Days,,,Samsung,Luxury,,
men running shoes,LG men running shoes Model 786,,,,,3.1,3910,Croma,,2 Days,,,LG,Unknown,,
office chair ergonomic,Dell office chair ergonomic Model 101,,,,,3.0,3442,Reliance Digital,,2 Days,,,Dell,Unknown,,
air fryer India,Dell air fryer India Model 609,,,,,,862,Reliance Digital,,2 Days,,,Dell,Unknown,,
microwave oven convection,LG microwave oven convection Model 443,11089.0,,,,4.4,3882,Amazon,,2 Days,,,LG,Premium,,
microwave oven convection,Dell microwave oven convection Model 722,25560.0,,,,4.3,844,Reliance Digital,,Free Delivery,,,Dell,Luxury,,
men running shoes,Philips men running shoes Model 308,42168.0,,,,3.6,667,Reliance Digital,,5 Days,,,Philips,Luxury,,
men running shoes,Philips men running shoes Model 169,45637.0,,,,3.1,3481,Amazon,,5 Days,,,Philips,Luxury,,
office chair ergonomic,HP office chair ergonomic Model 913,15034.0,,,,3.3,3503,Reliance Digital,,5 Days,,,HP,Premium,,
office chair ergonomic,Philips office chair ergonomic Model 989,8904.0,,,,3.0,3739,Amazon,,2 Days,,,Philips,Premium,,
office chair ergonomic,Puma office chair ergonomic Model 321,44831.0,,,,4.3,4897,Flipkart,,Free Delivery,,,Puma,Luxury,,
power bank fast charging,HP power bank fast charging Model 100,9092.0,,,,3.8,811,Croma,,Free Delivery,,,HP,Premium,,
power bank fast charging,HP power bank fast charging Model 956,49324.0,,,,4.9,4798,Amazon,,5 Days,,,HP,Luxury,,
office chair ergonomic,HP office chair ergonomic Model 726,49015.0,,,,2.9,3373,Reliance Digital,,5 Days,,,HP,Luxury,,
microwave oven convection,Samsung microwave oven convection Model 999,12362.0,,,,3.6,3512,Croma,,5 Days,,,Samsung,Premium,,
men running shoes,Dell men running shoes Model 938,18469.0,,,,,3920,Amazon,,5 Days,,,Dell,Premium,,
men running shoes,Boat men running shoes Model 821,11806.0,,,,3.7,3346,Amazon,,2 Days,,,Boat,Premium,,
microwave oven convection,Sony microwave oven convection Model 983,9278.0,,,,3.2,937,Amazon,,Free Delivery,,,Unknown,Premium,,
power bank fast charging,Samsung power bank fast charging Model 567,2958.0,,,,4.1,4103,Croma,,2 Days,,,Samsung,Mid-Range,,
office chair ergonomic,HP office chair ergonomic Model 586,3054.0,,,,,2790,Reliance Digital,,2 Days,,,HP,Mid-Range,,
men running shoes,LG men running shoes Model 131,43158.0,,,,4.2,184,Flipkart,,2 Days,,,LG,Luxury,,
power bank fast charging,Samsung power bank fast charging Model 205,86400.0,,,,,2729,Flipkart,,5 Days,,,Samsung,Luxury,,
microwave oven convection,LG microwave oven convection Model 469,23503.0,,,,3.7,712,Reliance Digital,,2 Days,,,LG,Luxury,,
power bank fast charging,Puma power bank fast charging Model 586,7191.0,,,,3.9,1373,Croma,,2 Days,,,Puma,Premium,,
men running shoes,Nike men running shoes Model 359,14330.0,,,,3.9,4643,Amazon,,Free Delivery,,,Nike,Premium,,
air fryer India,Boat air fryer India Model 311,36987.0,,,,4.2,1543,Amazon,,Free Delivery,,,Boat,Luxury,,
air fryer India,HP air fryer India Model 211,39993.0,,,,,149,Amazon,,Free Delivery,,,HP,Luxury,,
men running shoes,Puma men running shoes Model 305,49243.0,,,,3.5,515,Croma,,2 Days,,,Puma,Luxury,,
microwave oven convection,Boat microwave oven convection Model 453,44884.0,,,,4.0,122,Flipkart,,Free Delivery,,,Boat,Luxury,,
microwave oven convection,HP microwave oven convection Model 472,42957.0,,,,3.2,3026,Croma,,5 Days,,,HP,Luxury,,
microwave oven convection,Dell microwave oven convection Model 838,383970.0,,,,2.8,2066,Reliance Digital,,5 Days,,,Dell,Luxury,,
power bank fast charging,Sony power bank fast charging Model 509,38591.0,,,,2.7,969,Reliance Digital,,5 Days,,,Unknown,Luxury,,
microwave oven convection,Sony microwave oven convection Model 848,9020.0,,,,3.0,1410,Amazon,,2 Days,,,Unknown,Premium,,
power bank fast charging,Philips power bank fast charging Model 190,38421.0,,,,,234,Flipkart,,Free Delivery,,,Philips,Luxury,,
men running shoes,LG men running shoes Model 449,15824.0,,,,2.9,2382,Reliance Digital,,2 Days,,,LG,Premium,,
office chair ergonomic,Philips office chair ergonomic Model 887,9713.0,,,,3.7,3026,Flipkart,,2 Days,,,Philips,Premium,,
men running shoes,Nike men running shoes Model 850,38043.0,,,,3.3,2625,Flipkart,,2 Days,,,Nike,Luxury,,
office chair ergonomic,Nike office chair ergonomic Model 830,22701.0,,,,4.6,868,Amazon,,Free Delivery,,,Nike,Luxury,,
men running shoes,Samsung men running shoes Model 677,31281.0,,,,3.2,1859,Amazon,,5 Days,,,Samsung,Luxury,,
microwave oven convection,Samsung microwave oven convection Model 830,39906.0,,,,3.7,2247,Reliance Digital,,Free Delivery,,,Samsung,Luxury,,
power bank fast charging,Nike power bank fast charging Model 406,436130.0,,,,,3636,Reliance Digital,,Free Delivery,,,Nike,Luxury,,
air fryer India,Puma air fryer India Model 297,15008.0,,,,4.6,3256,Croma,,5 Days,,,Puma,Premium,,
microwave oven convection,Philips microwave oven convection Model 423,15450.0,,,,3.5,2281,Croma,,2 Days,,,Philips,Premium,,
power bank fast charging,Dell power bank fast charging Model 417,,,,,3.5,1552,Flipkart,,Free Delivery,,,Dell,Unknown,,
office chair ergonomic,Dell office chair ergonomic Model 787,40869.0,,,,3.4,141,Reliance Digital,,5 Days,,,Dell,Luxury,,
power bank fast charging,Philips power bank fast charging Model 149,4795.0,,,,4.1,942,Croma,,2 Days,,,Philips,Mid-Range,,
power bank fast charging,Philips power bank fast charging Model 528,,,,,2.6,3719,Amazon,,5 Days,,,Philips,Unknown,,
men running shoes,Nike men running shoes Model 733,71900.0,,,,4.1,4924,Flipkart,,Free Delivery,,,Nike,Luxury,,
power bank fast charging,Sony power bank fast charging Model 747,29596.0,,,,4.3,934,Reliance Digital,,2 Days,,,Unknown,Luxury,,
microwave oven convection,Sony microwave oven convection Model 408,41193.0,,,,,2034,Amazon,,2 Days,,,Unknown,Luxury,,
power bank fast charging,Nike power bank fast charging Model 824,,,,,4.1,3827,Croma,,Free Delivery,,,Nike,Unknown,,
microwave oven convection,Samsung microwave oven convection Model 326,2525.0,,,,,3415,Croma,,5 Days,,,Samsung,Mid-Range,,
men running shoes,Samsung men running shoes Model 836,712.0,,,,4.6,819,Flipkart,,2 Days,,,Samsung,Budget,,
power bank fast charging,HP power bank fast charging Model 709,24141.0,,,,3.2,2688,Croma,,2 Days,,,HP,Luxury,,
microwave oven convection,Puma microwave oven convection Model 523,44457.0,,,,4.5,760,Croma,,2 Days,,,Puma,Luxury,,
power bank fast charging,Sony power bank fast charging Model 711,10504.0,,,,3.5,3408,Croma,,Free Delivery,,,Unknown,Premium,,
microwave oven convection,Sony microwave oven convection Model 360,42530.0,,,,3.4,4316,Flipkart,,2 Days,,,Unknown,Luxury,,
men running shoes,Puma men running shoes Model 511,19924.0,,,,4.5,902,Flipkart,,2 Days,,,Puma,Premium,,
microwave oven convection,Samsung microwave oven convection Model 533,6933.0,,,,3.8,4407,Croma,,5 Days,,,Samsung,Premium,,
office chair ergonomic,Samsung office chair ergonomic Model 192,20680.0,,,,2.8,934,Amazon,,2 Days,,,Samsung,Luxury,,
men running shoes,Dell men running shoes Model 277,10071.0,,,,4.9,4560,Croma,,5 Days,,,Dell,Premium,,
power bank fast charging,Samsung power bank fast charging Model 321,34057.0,,,,4.5,3652,Amazon,,5 Days,,,Samsung,Luxury,,
air fryer India,Sony air fryer India Model 833,15593.0,,,,3.1,4956,Croma,,5 Days,,,Unknown,Premium,,
air fryer India,LG air fryer India Model 739,21483.0,,,,4.4,1545,Flipkart,,Free Delivery,,,LG,Luxury,,
air fryer India,Dell air fryer India Model 150,5659.0,,,,4.2,270,Amazon,,5 Days,,,Dell,Premium,,
air fryer India,Nike air fryer India Model 258,17028.0,,,,3.0,3583,Flipkart,,5 Days,,,Nike,Premium,,
office chair ergonomic,Sony office chair ergonomic Model 546,11042.0,,,,3.0,571,Flipkart,,Free Delivery,,,Unknown,Premium,,
microwave oven convection,HP microwave oven convection Model 690,47857.0,,,,3.3,4944,Amazon,,Free Delivery,,,HP,Luxury,,
air fryer India,Boat air fryer India Model 361,,,,,3.0,3322,Flipkart,,5 Days,,,Boat,Unknown,,
power bank fast charging,Philips power bank fast charging Model 708,12594.0,,,,4.1,4687,Reliance Digital,,Free Delivery,,,Philips,Premium,,
office chair ergonomic,Boat office chair ergonomic Model 303,9335.0,,,,,844,Reliance Digital,,Free Delivery,,,Boat,Premium,,
air fryer India,HP air fryer India Model 426,,,,,3.2,1962,Amazon,,2 Days,,,HP,Unknown,,
office chair ergonomic,Nike office chair ergonomic Model 994,33453.0,,,,4.3,1126,Reliance Digital,,Free Delivery,,,Nike,Luxury,,
air fryer India,Samsung air fryer India Model 440,18612.0,,,,2.6,3055,Croma,,5 Days,,,Samsung,Premium,,
office chair ergonomic,LG office chair ergonomic Model 874,35478.0,,,,4.9,3461,Amazon,,5 Days,,,LG,Luxury,,
air fryer India,LG air fryer India Model 428,8757.0,,,,4.9,2023,Croma,,Free Delivery,,,LG,Premium,,
men running shoes,Boat men running shoes Model 882,29336.0,,,,2.8,199,Flipkart,,5 Days,,,Boat,Luxury,,
office chair ergonomic,Samsung office chair ergonomic Model 854,,,,,,4401,Reliance Digital,,5 Days,,,Samsung,Unknown,,
microwave oven convection,HP microwave oven convection Model 721,38318.0,,,,3.8,2831,Reliance Digital,,5 Days,,,HP,Luxury,,
power bank fast charging,Nike power bank fast charging Model 593,,,,,,1615,Amazon,,Free Delivery,,,Nike,Unknown,,
power bank fast charging,Puma power bank fast charging Model 333,7947.0,,,,3.3,3734,Croma,,5 Days,,,Puma,Premium,,
power bank fast charging,Nike power bank fast charging Model 373,49953.0,,,,4.9,2218,Flipkart,,Free Delivery,,,Nike,Luxury,,
office chair ergonomic,LG office chair ergonomic Model 643,,,,,3.3,3552,Reliance Digital,,5 Days,,,LG,Unknown,,
power bank fast charging,Sony power bank fast charging Model 300,9342.0,,,,,3843,Croma,,2 Days,,,Unknown,Premium,,
air fryer India,HP air fryer India Model 869,38110.0,,,,4.6,4859,Flipkart,,2 Days,,,HP,Luxury,,
microwave oven convection,Dell microwave oven convection Model 140,36301.0,,,,,2443,Amazon,,5 Days,,,Dell,Luxury,,
power bank fast charging,Sony power bank fast charging Model 678,44668.0,,,,3.2,2300,Flipkart,,5 Days,,,Unknown,Luxury,,
microwave oven convection,Sony microwave oven convection Model 705,10551.0,,,,3.0,1713,Croma,,Free Delivery,,,Unknown,Premium,,
men running shoes,Dell men running shoes Model 628,390740.0,,,,4.6,4015,Croma,,5 Days,,,Dell,Luxury,,
men running shoes,Nike men running shoes Model 571,10750.0,,,,4.4,586,Croma,,2 Days,,,Nike,Premium,,
men running shoes,Sony men running shoes Model 922,29370.0,,,,4.6,1501,Amazon,,Free Delivery,,,Unknown,Luxury,,
air fryer India,LG air fryer India Model 691,43902.0,,,,4.8,2395,Croma,,5 Days,,,LG,Luxury,,
air fryer India,Puma air fryer India Model 696,8987.0,,,,4.8,2999,Reliance Digital,,Free Delivery,,,Puma,Premium,,
office chair ergonomic,Philips office chair ergonomic Model 733,2022.0,,,,3.7,,Flipkart,,2 Days,,,Philips,Mid-Range,,
men running shoes,Boat men running shoes Model 961,3146.0,,,,2.9,521,Amazon,,Free Delivery,,,Boat,Mid-Range,,
air fryer India,HP air fryer India Model 627,22353.0,,,,4.0,4304,Flipkart,,2 Days,,,HP,Luxury,,
air fryer India,LG air fryer India Model 628,41688.0,,,,3.0,987,Reliance Digital,,Free Delivery,,,LG,Luxury,,
power bank fast charging,Boat power bank fast charging Model 932,15951.0,,,,4.9,3521,Reliance Digital,,2 Days,,,Boat,Premium,,
microwave oven convection,Dell microwave oven convection Model 915,17906.0,,,,4.2,1947,Amazon,,2 Days,,,Dell,Premium,,
power bank fast charging,Puma power bank fast charging Model 122,,,,,4.7,3770,Croma,,2 Days,,,Puma,Unknown,,
office chair ergonomic,HP office chair ergonomic Model 117,19227.0,,,,4.4,3149,Reliance Digital,,2 Days,,,HP,Premium,,
air fryer India,Nike air fryer India Model 240,45088.0,,,,4.2,3926,Amazon,,2 Days,,,Nike,Luxury,,
air fryer India,HP air fryer India Model 114,15280.0,,,,4.2,4970,Reliance Digital,,5 Days,,,HP,Premium,,
power bank fast charging,HP power bank fast charging Model 526,20759.0,,,,4.2,1884,Amazon,,5 Days,,,HP,Luxury,,
microwave oven convection,Dell microwave oven convection Model 367,32317.0,,,,3.6,434,Amazon,,Free Delivery,,,Dell,Luxury,,
air fryer India,HP air fryer India Model 618,9220.0,,,,2.9,326,Croma,,Free Delivery,,,HP,Premium,,
microwave oven convection,Boat microwave oven convection Model 424,482890.0,,,,4.9,858,Amazon,,2 Days,,,Boat,Luxury,,
microwave oven convection,LG microwave oven convection Model 603,49245.0,,,,4.3,1944,Croma,,2 Days,,,LG,Luxury,,
microwave oven convection,HP microwave oven convection Model 129,30496.0,,,,,4979,Amazon,,5 Days,,,HP,Luxury,,
office chair ergonomic,Nike office chair ergonomic Model 106,8923.0,,,,4.6,2822,Flipkart,,5 Days,,,Nike,Premium,,
air fryer India,LG air fryer India Model 774,17078.0,,,,3.2,2604,Croma,,5 Days,,,LG,Premium,,
power bank fast charging,Dell power bank fast charging Model 852,27435.0,,,,4.3,1773,Amazon,,Free Delivery,,,Dell,Luxury,,
air fryer India,Samsung air fryer India Model 721,,,,,,4645,Reliance Digital,,5 Days,,,Samsung,Unknown,,
air fryer India,LG air fryer India Model 285,35864.0,,,,4.1,4369,Amazon,,Free Delivery,,,LG,Luxury,,
air fryer India,HP air fryer India Model 314,,,,,4.3,2352,Amazon,,Free Delivery,,,HP,Unknown,,
microwave oven convection,Boat microwave oven convection Model 227,48663.0,,,,,4019,Flipkart,,Free Delivery,,,Boat,Luxury,,
office chair ergonomic,Philips office chair ergonomic Model 723,45041.0,,,,2.6,3099,Reliance Digital,,5 Days,,,Philips,Luxury,,
men running shoes,HP men running shoes Model 425,1105.0,,,,,69,Amazon,,5 Days,,,HP,Mid-Range,,
power bank fast charging,Boat power bank fast charging Model 924,33465.0,,,,3.0,939,Amazon,,5 Days,,,Boat,Luxury,,
office chair ergonomic,Sony office chair ergonomic Model 865,17134.0,,,,3.5,2274,Amazon,,Free Delivery,,,Unknown,Premium,,
power bank fast charging,Puma power bank fast charging Model 422,20958.0,,,,3.3,427,Amazon,,5 Days,,,Puma,Luxury,,
men running shoes,Sony men running shoes Model 146,17182.0,,,,3.5,500,Amazon,,Free Delivery,,,Unknown,Premium,,
air fryer India,Dell air fryer India Model 222,46717.0,,,,4.4,4987,Amazon,,2 Days,,,Dell,Luxury,,
air fryer India,Samsung air fryer India Model 964,40114.0,,,,4.5,2842,Croma,,5 Days,,,Samsung,Luxury,,
men running shoes,Samsung men running shoes Model 589,2849.0,,,,2.7,4466,Amazon,,2 Days,,,Samsung,Mid-Range,,
air fryer India,Nike air fryer India Model 172,28087.0,,,,4.2,2788,Croma,,Free Delivery,,,Nike,Luxury,,
microwave oven convection,Nike microwave oven convection Model 875,,,,,2.7,221,Croma,,Free Delivery,,,Nike,Unknown,,
microwave oven convection,HP microwave oven convection Model 749,11799.0,,,,,2729,Croma,,2 Days,,,HP,Premium,,
microwave oven convection,Puma microwave oven convection Model 258,36850.0,,,,4.9,1104,Reliance Digital,,Free Delivery,,,Puma,Luxury,,
men running shoes,HP men running shoes Model 608,22065.0,,,,4.9,2727,Amazon,,Free Delivery,,,HP,Luxury,,
power bank fast charging,Puma power bank fast charging Model 468,43895.0,,,,4.0,4829,Croma,,5 Days,,,Puma,Luxury,,
office chair ergonomic,Dell office chair ergonomic Model 627,25413.0,,,,4.4,1324,Flipkart,,5 Days,,,Dell,Luxury,,
office chair ergonomic,Dell office chair ergonomic Model 330,35292.0,,,,2.7,4225,Reliance Digital,,2 Days,,,Dell,Luxury,,
men running shoes,Philips men running shoes Model 659,7470.0,,,,3.5,3046,Croma,,2 Days,,,Philips,Premium,,
power bank fast charging,Dell power bank fast charging Model 883,34235.0,,,,2.7,200,Reliance Digital,,Free Delivery,,,Dell,Luxury,,
office chair ergonomic,HP office chair ergonomic Model 873,43509.0,,,,,4035,Reliance Digital,,2 Days,,,HP,Luxury,,
men running shoes,Samsung men running shoes Model 200,13528.0,,,,3.3,2011,Flipkart,,Free Delivery,,,Samsung,Premium,,
office chair ergonomic,Puma office chair ergonomic Model 753,1131.0,,,,3.9,4694,Reliance Digital,,2 Days,,,Puma,Mid-Range,,
men running shoes,HP men running shoes Model 563,42681.0,,,,3.5,3907,Flipkart,,5 Days,,,HP,Luxury,,
air fryer India,Dell air fryer India Model 284,44863.0,,,,4.8,4625,Flipkart,,Free Delivery,,,Dell,Luxury,,
air fryer India,LG air fryer India Model 400,36846.0,,,,4.5,1363,Croma,,2 Days,,,LG,Luxury,,
men running shoes,LG men running shoes Model 614,1680.0,,,,2.7,4120,Reliance Digital,,Free Delivery,,,LG,Mid-Range,,
office chair ergonomic,Boat office chair ergonomic Model 922,11394.0,,,,3.7,,Reliance Digital,,5 Days,,,Boat,Premium,,
microwave oven convection,Boat microwave oven convection Model 757,,,,,4.1,3765,Amazon,,5 Days,,,Boat,Unknown,,
men running shoes,Boat men running shoes Model 296,10726.0,,,,,3096,Flipkart,,Free Delivery,,,Boat,Premium,,
men running shoes,Dell men running shoes Model 338,,,,,4.8,541,Reliance Digital,,5 Days,,,Dell,Unknown,,
power bank fast charging,Philips power bank fast charging Model 166,43776.0,,,,3.3,3844,Croma,,5 Days,,,Philips,Luxury,,
air fryer India,Puma air fryer India Model 883,103500.0,,,,4.3,4194,Amazon,,5 Days,,,Puma,Luxury,,
men running shoes,Sony men running shoes Model 835,5646.0,,,,4.2,3419,Amazon,,5 Days,,,Unknown,Premium,,
power bank fast charging,Boat power bank fast charging Model 483,26374.0,,,,4.4,2145,Flipkart,,2 Days,,,Boat,Luxury,,
microwave oven convection,Boat microwave oven convection Model 957,23854.0,,,,4.8,3087,Flipkart,,5 Days,,,Boat,Luxury,,
men running shoes,Puma men running shoes Model 709,,,,,2.6,4933,Amazon,,5 Days,,,Puma,Unknown,,
power bank fast charging,Boat power bank fast charging Model 651,11700.0,,,,4.4,1813,Reliance Digital,,2 Days,,,Boat,Premium,,
air fryer India,HP air fryer India Model 603,46330.0,,,,4.4,1403,Amazon,,5 Days,,,HP,Luxury,,
air fryer India,Dell air fryer India Model 962,33577.0,,,,2.9,991,Amazon,,Free Delivery,,,Dell,Luxury,,
air fryer India,Puma air fryer India Model 736,,,,,3.5,2305,Croma,,2 Days,,,Puma,Unknown,,
microwave oven convection,Boat microwave oven convection Model 128,20084.0,,,,,2575,Amazon,,Free Delivery,,,Boat,Luxury,,
microwave oven convection,Puma microwave oven convection Model 943,18372.0,,,,4.2,367,Croma,,5 Days,,,Puma,Premium,,
office chair ergonomic,Nike office chair ergonomic Model 944,21252.0,,,,3.0,3789,Reliance Digital,,2 Days,,,Nike,Luxury,,
men running shoes,Puma men running shoes Model 319,34307.0,,,,4.1,1256,Flipkart,,Free Delivery,,,Puma,Luxury,,
office chair ergonomic,Puma office chair ergonomic Model 984,,,,,4.6,2494,Flipkart,,Free Delivery,,,Puma,Unknown,,
air fryer India,Puma air fryer India Model 791,35653.0,,,,3.6,4443,Reliance Digital,,5 Days,,,Puma,Luxury,,
men running shoes,Samsung men running shoes Model 540,17273.0,,,,3.6,561,Croma,,Free Delivery,,,Samsung,Premium,,
air fryer India,Boat air fryer India Model 608,10828.0,,,,3.3,4277,Flipkart,,5 Days,,,Boat,Premium,,
men running shoes,Boat men running shoes Model 710,46350.0,,,,3.6,2345,Reliance Digital,,Free Delivery,,,Boat,Luxury,,
air fryer India,Philips air fryer India Model 545,5049.0,,,,4.4,557,Amazon,,2 Days,,,Philips,Premium,,
power bank fast charging,LG power bank fast charging Model 952,43614.0,,,,5.0,3948,Croma,,2 Days,,,LG,Luxury,,
microwave oven convection,LG microwave oven convection Model 640,,,,,3.4,2664,Amazon,,Free Delivery,,,LG,Unknown,,
microwave oven convection,Puma microwave oven convection Model 551,,,,,2.7,4482,Amazon,,5 Days,,,Puma,Unknown,,
power bank fast charging,Samsung power bank fast charging Model 946,17773.0,,,,3.6,587,Amazon,,Free Delivery,,,Samsung,Premium,,
power bank fast charging,Boat power bank fast charging Model 239,4103.0,,,,4.7,4335,Amazon,,2 Days,,,Boat,Mid-Range,,
air fryer India,HP air fryer India Model 541,44752.0,,,,4.6,3692,Reliance Digital,,2 Days,,,HP,Luxury,,
men running shoes,Boat men running shoes Model 227,380730.0,,,,2.9,1574,Croma,,2 Days,,,Boat,Luxury,,
microwave oven convection,Puma microwave oven convection Model 925,32710.0,,,,3.1,3780,Reliance Digital,,2 Days,,,Puma,Luxury,,
men running shoes,Nike men running shoes Model 773,12222.0,,,,4.3,3755,Amazon,,5 Days,,,Nike,Premium,,
microwave oven convection,LG microwave oven convection Model 518,,,,,3.5,2553,Amazon,,5 Days,,,LG,Unknown,,
men running shoes,Boat men running shoes Model 475,10153.0,,,,2.9,3274,Amazon,,5 Days,,,Boat,Premium,,
microwave oven convection,Puma microwave oven convection Model 774,,,,,3.2,3544,Amazon,,Free Delivery,,,Puma,Unknown,,
air fryer India,HP air fryer India Model 607,28433.0,,,,,2110,Amazon,,2 Days,,,HP,Luxury,,
power bank fast charging,Sony power bank fast charging Model 131,6862.0,,,,3.9,1670,Croma,,5 Days,,,Unknown,Premium,,
microwave oven convection,Samsung microwave oven convection Model 132,2008.0,,,,4.8,2465,Croma,,5 Days,,,Samsung,Mid-Range,,
men running shoes,Dell men running shoes Model 598,32326.0,,,,4.8,3889,Croma,,2 Days,,,Dell,Luxury,,
men running shoes,Puma men running shoes Model 152,39884.0,,,,3.0,491,Reliance Digital,,2 Days,,,Puma,Luxury,,
microwave oven convection,Dell microwave oven convection Model 270,35994.0,,,,2.7,2870,Flipkart,,5 Days,,,Dell,Luxury,,
air fryer India,Dell air fryer India Model 786,28304.0,,,,4.4,2261,Reliance Digital,,2 Days,,,Dell,Luxury,,
air fryer India,Samsung air fryer India Model 883,5559.0,,,,,3803,Croma,,Free Delivery,,,Samsung,Premium,,
microwave oven convection,Boat microwave oven convection Model 754,2828.0,,,,3.2,1712,Reliance Digital,,5 Days,,,Boat,Mid-Range,,
power bank fast charging,Sony power bank fast charging Model 631,35507.0,,,,3.1,4810,Amazon,,5 Days,,,Unknown,Luxury,,
microwave oven convection,LG microwave oven convection Model 213,40084.0,,,,3.6,1704,Croma,,Free Delivery,,,LG,Luxury,,
office chair ergonomic,LG office chair ergonomic Model 315,39361.0,,,,3.9,405,Croma,,Free Delivery,,,LG,Luxury,,
office chair ergonomic,Sony office chair ergonomic Model 904,32777.0,,,,4.4,774,Croma,,Free Delivery,,,Unknown,Luxury,,
power bank fast charging,Sony power bank fast charging Model 298,16898.0,,,,4.2,4324,Reliance Digital,,Free Delivery,,,Unknown,Premium,,
office chair ergonomic,Puma office chair ergonomic Model 876,123310.0,,,,3.3,2499,Flipkart,,Free Delivery,,,Puma,Luxury,,
air fryer India,Puma air fryer India Model 363,28760.0,,,,4.9,1266,Reliance Digital,,Free Delivery,,,Puma,Luxury,,
office chair ergonomic,Sony office chair ergonomic Model 246,40731.0,,,,4.7,4537,Reliance Digital,,Free Delivery,,,Unknown,Luxury,,
microwave oven convection,HP microwave oven convection Model 564,8799.0,,,,3.5,4884,Amazon,,Free Delivery,,,HP,Premium,,
microwave oven convection,Puma microwave oven convection Model 837,45797.0,,,,4.4,3484,Amazon,,5 Days,,,Puma,Luxury,,
microwave oven convection,Boat microwave oven convection Model 306,16492.0,,,,2.6,4233,Reliance Digital,,5 Days,,,Boat,Premium,,
office chair ergonomic,Sony office chair ergonomic Model 231,19356.0,,,,3.3,3401,Reliance Digital,,Free Delivery,,,Unknown,Premium,,
microwave oven convection,Philips microwave oven convection Model 970,,,,,3.6,387,Amazon,,5 Days,,,Philips,Unknown,,
microwave oven convection,LG microwave oven convection Model 208,4378.0,,,,,646,Amazon,,2 Days,,,LG,Mid-Range,,
microwave oven convection,Samsung microwave oven convection Model 981,24681.0,,,,4.6,2547,Flipkart,,5 Days,,,Samsung,Luxury,,
men running shoes,HP men running shoes Model 362,43372.0,,,,2.9,705,Reliance Digital,,5 Days,,,HP,Luxury,,
office chair ergonomic,HP office chair ergonomic Model 442,18356.0,,,,3.3,1514,Croma,,5 Days,,,HP,Premium,,
microwave oven convection,Sony microwave oven convection Model 539,25404.0,,,,3.3,3211,Reliance Digital,,5 Days,,,Unknown,Luxury,,
power bank fast charging,Puma power bank fast charging Model 689,44441.0,,,,3.3,3789,Amazon,,2 Days,,,Puma,Luxury,,
air fryer India,Dell air fryer India Model 524,18745.0,,,,4.4,1310,Flipkart,,Free Delivery,,,Dell,Premium,,
power bank fast charging,Nike power bank fast charging Model 495,45830.0,,,,4.5,3175,Croma,,2 Days,,,Nike,Luxury,,
office chair ergonomic,HP office chair ergonomic Model 581,20763.0,,,,3.4,4476,Croma,,Free Delivery,,,HP,Luxury,,
air fryer India,LG air fryer India Model 402,20591.0,,,,4.8,3083,Flipkart,,5 Days,,,LG,Luxury,,
power bank fast charging,LG power bank fast charging Model 599,,,,,5.0,4919,Croma,,2 Days,,,LG,Unknown,,
power bank fast charging,Philips power bank fast charging Model 444,46465.0,,,,3.9,451,Reliance Digital,,Free Delivery,,,Philips,Luxury,,
microwave oven convection,HP microwave oven convection Model 412,30081.0,,,,3.1,1743,Croma,,Free Delivery,,,HP,Luxury,,
microwave oven convection,Boat microwave oven convection Model 458,,,,,3.1,1093,Amazon,,5 Days,,,Boat,Unknown,,
men running shoes,Dell men running shoes Model 919,32059.0,,,,4.1,692,Amazon,,2 Days,,,Dell,Luxury,,
office chair ergonomic,Philips office chair ergonomic Model 756,28361.0,,,,,159,Reliance Digital,,Free Delivery,,,Philips,Luxury,,
men running shoes,Philips men running shoes Model 538,18724.0,,,,3.7,4023,Flipkart,,5 Days,,,Philips,Premium,,
microwave oven convection,HP microwave oven convection Model 932,,,,,3.7,4405,Reliance Digital,,5 Days,,,HP,Unknown,,
air fryer India,Sony air fryer India Model 462,,,,,,3710,Flipkart,,2 Days,,,Unknown,Unknown,,
men running shoes,Samsung men running shoes Model 620,10627.0,,,,2.6,1998,Amazon,,2 Days,,,Samsung,Premium,,
office chair ergonomic,Nike office chair ergonomic Model 625,4607.0,,,,2.9,1964,Reliance Digital,,5 Days,,,Nike,Mid-Range,,
microwave oven convection,Philips microwave oven convection Model 363,545.0,,,,4.5,3336,Reliance Digital,,2 Days,,,Philips,Budget,,
office chair ergonomic,Samsung office chair ergonomic Model 816,,,,,3.5,4253,Reliance Digital,,Free Delivery,,,Samsung,Unknown,,
power bank fast charging,Puma power bank fast charging Model 877,3589.0,,,,3.1,2943,Amazon,,2 Days,,,Puma,Mid-Range,,
air fryer India,Nike air fryer India Model 672,,,,,2.6,1638,Amazon,,Free Delivery,,,Nike,Unknown,,
microwave oven convection,Boat microwave oven convection Model 689,189420.0,,,,4.7,4390,Amazon,,5 Days,,,Boat,Luxury,,
men running shoes,Boat men running shoes Model 745,49612.0,,,,,4854,Amazon,,Free Delivery,,,Boat,Luxury,,
microwave oven convection,Dell microwave oven convection Model 311,41787.0,,,,3.0,4005,Amazon,,5 Days,,,Dell,Luxury,,
air fryer India,Boat air fryer India Model 698,46221.0,,,,,1104,Reliance Digital,,2 Days,,,Boat,Luxury,,
air fryer India,Sony air fryer India Model 515,9979.0,,,,4.4,424,Croma,,2 Days,,,Unknown,Premium,,
microwave oven convection,Sony microwave oven convection Model 488,,,,,3.1,2333,Amazon,,Free Delivery,,,Unknown,Unknown,,
men running shoes,Nike men running shoes Model 468,47880.0,,,,3.1,3824,Reliance Digital,,2 Days,,,Nike,Luxury,,
men running shoes,Dell men running shoes Model 209,,,,,4.0,674,Amazon,,5 Days,,,Dell,Unknown,,
men running shoes,LG men running shoes Model 853,,,,,2.8,1611,Croma,,5 Days,,,LG,Unknown,,
power bank fast charging,Nike power bank fast charging Model 679,26131.0,,,,4.4,209,Flipkart,,5 Days,,,Nike,Luxury,,
microwave oven convection,Boat microwave oven convection Model 520,6468.0,,,,4.1,4876,Amazon,,Free Delivery,,,Boat,Premium,,
power bank fast charging,HP power bank fast charging Model 689,46669.0,,,,4.3,2589,Amazon,,5 Days,,,HP,Luxury,,
microwave oven convection,LG microwave oven convection Model 441,1788.0,,,,4.4,713,Flipkart,,Free Delivery,,,LG,Mid-Range,,
men running shoes,Sony men running shoes Model 238,12511.0,,,,4.8,910,Flipkart,,2 Days,,,Unknown,Premium,,
air fryer India,LG air fryer India Model 409,30972.0,,,,3.5,2526,Croma,,5 Days,,,LG,Luxury,,
microwave oven convection,Philips microwave oven convection Model 744,12043.0,,,,3.9,3591,Croma,,5 Days,,,Philips,Premium,,
power bank fast charging,Puma power bank fast charging Model 707,34331.0,,,,,662,Amazon,,5 Days,,,Puma,Luxury,,
air fryer India,HP air fryer India Model 138,,,,,4.6,1009,Amazon,,5 Days,,,HP,Unknown,,
microwave oven convection,Samsung microwave oven convection Model 702,16855.0,,,,3.4,1687,Amazon,,Free Delivery,,,Samsung,Premium,,
air fryer India,Samsung air fryer India Model 320,25030.0,,,,3.7,3449,Reliance Digital,,Free Delivery,,,Samsung,Luxury,,
men running shoes,HP men running shoes Model 115,6514.0,,,,3.7,2024,Amazon,,Free Delivery,,,HP,Premium,,
men running shoes,Boat men running shoes Model 613,37203.0,,,,3.5,4794,Reliance Digital,,5 Days,,,Boat,Luxury,,
air fryer India,LG air fryer India Model 455,14463.0,,,,4.6,3414,Reliance Digital,,2 Days,,,LG,Premium,,
microwave oven convection,Sony microwave oven convection Model 900,,,,,,,Reliance Digital,,Free Delivery,,,Unknown,Unknown,,
power bank fast charging,LG power bank fast charging Model 410,14986.0,,,,3.1,2293,Reliance Digital,,5 Days,,,LG,Premium,,
office chair ergonomic,LG office chair ergonomic Model 901,10247.0,,,,3.6,2696,Reliance Digital,,2 Days,,,LG,Premium,,
air fryer India,Sony air fryer India Model 538,,,,,4.0,39,Flipkart,,Free Delivery,,,Unknown,Unknown,,
power bank fast charging,Philips power bank fast charging Model 534,35646.0,,,,4.7,2485,Amazon,,Free Delivery,,,Philips,Luxury,,
men running shoes,Philips men running shoes Model 324,24783.0,,,,3.0,1077,Croma,,2 Days,,,Philips,Luxury,,
air fryer India,Sony air fryer India Model 915,21233.0,,,,4.6,57,Croma,,2 Days,,,Unknown,Luxury,,
office chair ergonomic,Dell office chair ergonomic Model 372,,,,,3.6,389,Croma,,2 Days,,,Dell,Unknown,,
men running shoes,Boat men running shoes Model 178,,,,,4.9,2712,Croma,,Free Delivery,,,Boat,Unknown,,
power bank fast charging,HP power bank fast charging Model 937,45235.0,,,,2.5,1819,Reliance Digital,,2 Days,,,HP,Luxury,,
men running shoes,Nike men running shoes Model 692,6110.0,,,,2.9,3598,Croma,,2 Days,,,Nike,Premium,,
power bank fast charging,HP power bank fast charging Model 815,5912.0,,,,3.6,80,Reliance Digital,,Free Delivery,,,HP,Premium,,
men running shoes,Dell men running shoes Model 679,,,,,3.5,19,Reliance Digital,,5 Days,,,Dell,Unknown,,
power bank fast charging,Sony power bank fast charging Model 101,35363.0,,,,4.4,2354,Amazon,,Free Delivery,,,Unknown,Luxury,,
power bank fast charging,Puma power bank fast charging Model 415,8944.0,,,,3.7,2974,Amazon,,2 Days,,,Puma,Premium,,
air fryer India,HP air fryer India Model 947,26570.0,,,,4.9,1076,Croma,,2 Days,,,HP,Luxury,,
microwave oven convection,Puma microwave oven convection Model 212,12632.0,,,,3.0,2291,Flipkart,,Free Delivery,,,Puma,Premium,,
office chair ergonomic,HP office chair ergonomic Model 314,40602.0,,,,4.0,4062,Amazon,,Free Delivery,,,HP,Luxury,,
air fryer India,Nike air fryer India Model 150,26407.0,,,,2.9,3910,Reliance Digital,,Free Delivery,,,Nike,Luxury,,
men running shoes,HP men running shoes Model 129,42006.0,,,,4.5,3287,Flipkart,,5 Days,,,HP,Luxury,,
air fryer India,Dell air fryer India Model 363,23530.0,,,,4.0,641,Flipkart,,2 Days,,,Dell,Luxury,,
men running shoes,Nike men running shoes Model 347,31724.0,,,,3.1,612,Reliance Digital,,2 Days,,,Nike,Luxury,,
microwave oven convection,Philips microwave oven convection Model 280,23316.0,,,,2.5,1090,Flipkart,,2 Days,,,Philips,Luxury,,
power bank fast charging,Samsung power bank fast charging Model 440,13597.0,,,,3.6,4156,Amazon,,2 Days,,,Samsung,Premium,,
microwave oven convection,Philips microwave oven convection Model 635,12598.0,,,,4.1,3062,Amazon,,2 Days,,,Philips,Premium,,
men running shoes,Sony men running shoes Model 596,12685.0,,,,5.0,1964,Flipkart,,2 Days,,,Unknown,Premium,,
air fryer India,LG air fryer India Model 884,3840.0,,,,4.9,2735,Croma,,5 Days,,,LG,Mid-Range,,
air fryer India,Nike air fryer India Model 458,9171.0,,,,2.5,3658,Reliance Digital,,2 Days,,,Nike,Premium,,
men running shoes,Samsung men running shoes Model 561,,,,,3.5,4897,Amazon,,2 Days,,,Samsung,Unknown,,
men running shoes,Boat men running shoes Model 997,44964.0,,,,3.6,802,Amazon,,2 Days,,,Boat,Luxury,,
air fryer India,LG air fryer India Model 348,,,,,4.3,806,Reliance Digital,,Free Delivery,,,LG,Unknown,,
power bank fast charging,Puma power bank fast charging Model 235,44793.0,,,,4.2,4777,Flipkart,,5 Days,,,Puma,Luxury,,
microwave oven convection,Sony microwave oven convection Model 224,5069.0,,,,4.3,2597,Reliance Digital,,2 Days,,,Unknown,Premium,,
office chair ergonomic,Puma office chair ergonomic Model 226,14746.0,,,,3.1,1199,Croma,,2 Days,,,Puma,Premium,,
power bank fast charging,Nike power bank fast charging Model 262,19476.0,,,,4.0,4865,Amazon,,Free Delivery,,,Nike,Premium,,
men running shoes,HP men running shoes Model 563,26629.0,,,,3.8,371,Croma,,Free Delivery,,,HP,Luxury,,
office chair ergonomic,LG office chair ergonomic Model 315,,,,,2.5,517,Amazon,,Free Delivery,,,LG,Unknown,,
microwave oven convection,Dell microwave oven convection Model 822,,,,,2.8,4732,Croma,,5 Days,,,Dell,Unknown,,
power bank fast charging,Philips power bank fast charging Model 553,,,,,4.6,1856,Flipkart,,Free Delivery,,,Philips,Unknown,,
power bank fast charging,HP power bank fast charging Model 573,34168.0,,,,4.3,1223,Flipkart,,2 Days,,,HP,Luxury,,
microwave oven convection,Sony microwave oven convection Model 911,1095.0,,,,3.5,2227,Reliance Digital,,5 Days,,,Unknown,Mid-Range,,
microwave oven convection,Puma microwave oven convection Model 342,24507.0,,,,2.7,389,Amazon,,5 Days,,,Puma,Luxury,,
microwave oven convection,Sony microwave oven convection Model 764,26390.0,,,,4.1,1905,Croma,,Free Delivery,,,Unknown,Luxury,,
men running shoes,Boat men running shoes Model 978,42076.0,,,,,2971,Amazon,,5 Days,,,Boat,Luxury,,
microwave oven convection,Samsung microwave oven convection Model 210,11972.0,,,,3.6,629,Flipkart,,2 Days,,,Samsung,Premium,,
microwave oven convection,HP microwave oven convection Model 133,3630.0,,,,3.7,4648,Amazon,,Free Delivery,,,HP,Mid-Range,,
office chair ergonomic,Puma office chair ergonomic Model 837,13147.0,,,,4.2,32,Croma,,5 Days,,,Puma,Premium,,
air fryer India,Puma air fryer India Model 186,,,,,3.8,1856,Flipkart,,2 Days,,,Puma,Unknown,,
microwave oven convection,Puma microwave oven convection Model 541,18499.0,,,,3.4,2522,Reliance Digital,,2 Days,,,Puma,Premium,,
power bank fast charging,Sony power bank fast charging Model 286,12239.0,,,,3.7,4088,Croma,,2 Days,,,Unknown,Premium,,
power bank fast charging,Puma power bank fast charging Model 383,45126.0,,,,3.0,3458,Amazon,,2 Days,,,Puma,Luxury,,
office chair ergonomic,Dell office chair ergonomic Model 133,5073.0,,,,3.3,515,Reliance Digital,,2 Days,,,Dell,Premium,,
power bank fast charging,HP power bank fast charging Model 103,9195.0,,,,4.3,426,Amazon,,5 Days,,,HP,Premium,,
office chair ergonomic,LG office chair ergonomic Model 731,,,,,3.0,3496,Amazon,,Free Delivery,,,LG,Unknown,,
microwave oven convection,Puma microwave oven convection Model 554,7198.0,,,,4.8,4075,Amazon,,5 Days,,,Puma,Premium,,
power bank fast charging,Puma power bank fast charging Model 535,42894.0,,,,4.0,387,Flipkart,,Free Delivery,,,Puma,Luxury,,
air fryer India,Puma air fryer India Model 114,19237.0,,,,4.2,2847,Croma,,Free Delivery,,,Puma,Premium,,
office chair ergonomic,LG office chair ergonomic Model 168,229430.0,,,,3.2,2872,Flipkart,,2 Days,,,LG,Luxury,,
office chair ergonomic,Nike office chair ergonomic Model 171,48035.0,,,,4.6,4068,Flipkart,,Free Delivery,,,Nike,Luxury,,
microwave oven convection,Puma microwave oven convection Model 226,45427.0,,,,,3127,Flipkart,,Free Delivery,,,Puma,Luxury,,
power bank fast charging,Sony power bank fast charging Model 726,2163.0,,,,3.5,1528,Reliance Digital,,Free Delivery,,,Unknown,Mid-Range,,
office chair ergonomic,Boat office chair ergonomic Model 626,21070.0,,,,3.5,2232,Amazon,,5 Days,,,Boat,Luxury,,
microwave oven convection,HP microwave oven convection Model 277,36657.0,,,,4.7,4480,Croma,,Free Delivery,,,HP,Luxury,,
air fryer India,HP air fryer India Model 527,38330.0,,,,3.3,1963,Flipkart,,Free Delivery,,,HP,Luxury,,
men running shoes,Boat men running shoes Model 948,10068.0,,,,4.5,3869,Reliance Digital,,2 Days,,,Boat,Premium,,
power bank fast charging,LG power bank fast charging Model 896,47595.0,,,,4.1,2583,Reliance Digital,,Free Delivery,,,LG,Luxury,,
air fryer India,LG air fryer India Model 404,,,,,3.4,4079,Amazon,,5 Days,,,LG,Unknown,,
office chair ergonomic,Dell office chair ergonomic Model 164,45070.0,,,,4.1,2690,Flipkart,,2 Days,,,Dell,Luxury,,
air fryer India,Nike air fryer India Model 194,31793.0,,,,,2201,Amazon,,5 Days,,,Nike,Luxury,,
microwave oven convection,Boat microwave oven convection Model 173,47111.0,,,,3.6,2074,Reliance Digital,,Free Delivery,,,Boat,Luxury,,
microwave oven convection,Samsung microwave oven convection Model 145,44221.0,,,,4.5,4997,Croma,,5 Days,,,Samsung,Luxury,,
microwave oven convection,Puma microwave oven convection Model 321,28313.0,,,,3.5,4186,Reliance Digital,,Free Delivery,,,Puma,Luxury,,
air fryer India,LG air fryer India Model 163,22657.0,,,,3.8,3631,Croma,,5 Days,,,LG,Luxury,,
microwave oven convection,Philips microwave oven convection Model 889,861.0,,,,5.0,1382,Amazon,,2 Days,,,Philips,Budget,,
power bank fast charging,Nike power bank fast charging Model 172,,,,,3.0,263,Croma,,2 Days,,,Nike,Unknown,,
power bank fast charging,Philips power bank fast charging Model 541,46064.0,,,,4.9,3147,Reliance Digital,,Free Delivery,,,Philips,Luxury,,
air fryer India,Philips air fryer India Model 594,41057.0,,,,3.6,3166,Reliance Digital,,2 Days,,,Philips,Luxury,,
office chair ergonomic,HP office chair ergonomic Model 891,42516.0,,,,4.6,2855,Croma,,Free Delivery,,,HP,Luxury,,
office chair ergonomic,HP office chair ergonomic Model 552,46946.0,,,,2.7,3568,Flipkart,,2 Days,,,HP,Luxury,,
microwave oven convection,Nike microwave oven convection Model 509,8160.0,,,,,4917,Reliance Digital,,Free Delivery,,,Nike,Premium,,
microwave oven convection,Sony microwave oven convection Model 163,30641.0,,,,4.0,3963,Flipkart,,Free Delivery,,,Unknown,Luxury,,
men running shoes,Samsung men running shoes Model 605,40321.0,,,,3.9,2672,Croma,,5 Days,,,Samsung,Luxury,,
office chair ergonomic,Samsung office chair ergonomic Model 229,,,,,2.7,439,Amazon,,2 Days,,,Samsung,Unknown,,
air fryer India,Puma air fryer India Model 553,41567.0,,,,4.5,2251,Amazon,,Free Delivery,,,Puma,Luxury,,
power bank fast charging,Puma power bank fast charging Model 990,27357.0,,,,3.7,1960,Croma,,5 Days,,,Puma,Luxury,,
office chair ergonomic,Boat office chair ergonomic Model 178,5007.0,,,,4.5,543,Amazon,,2 Days,,,Boat,Premium,,
power bank fast charging,LG power bank fast charging Model 658,19178.0,,,,4.9,4495,Reliance Digital,,2 Days,,,LG,Premium,,
microwave oven convection,Nike microwave oven convection Model 392,18929.0,,,,3.7,4407,Amazon,,Free Delivery,,,Nike,Premium,,
air fryer India,HP air fryer India Model 426,22209.0,,,,,1544,Reliance Digital,,Free Delivery,,,HP,Luxury,,
office chair ergonomic,Dell office chair ergonomic Model 777,11887.0,,,,2.7,153,Flipkart,,2 Days,,,Dell,Premium,,
office chair ergonomic,Philips office chair ergonomic Model 798,,,,,3.6,,Flipkart,,5 Days,,,Philips,Unknown,,
air fryer India,Nike air fryer India Model 948,17183.0,,,,2.7,130,Croma,,2 Days,,,Nike,Premium,,
microwave oven convection,HP microwave oven convection Model 218,1280.0,,,,,4982,Flipkart,,Free Delivery,,,HP,Mid-Range,,
microwave oven convection,Philips microwave oven convection Model 209,27815.0,,,,3.2,4406,Reliance Digital,,5 Days,,,Philips,Luxury,,
men running shoes,Puma men running shoes Model 923,49220.0,,,,2.8,3066,Flipkart,,5 Days,,,Puma,Luxury,,
air fryer India,Boat air fryer India Model 706,,,,,2.8,750,Reliance Digital,,Free Delivery,,,Boat,Unknown,,
power bank fast charging,LG power bank fast charging Model 398,4006.0,,,,3.9,3536,Reliance Digital,,Free Delivery,,,LG,Mid-Range,,
air fryer India,Philips air fryer India Model 348,14376.0,,,,4.6,2307,Croma,,5 Days,,,Philips,Premium,,
men running shoes,Sony men running shoes Model 458,7058.0,,,,3.1,516,Reliance Digital,,2 Days,,,Unknown,Premium,,
power bank fast charging,Dell power bank fast charging Model 451,,,,,3.4,3942,Croma,,2 Days,,,Dell,Unknown,,
microwave oven convection,Sony microwave oven convection Model 143,27040.0,,,,3.5,3942,Reliance Digital,,5 Days,,,Unknown,Luxury,,
power bank fast charging,LG power bank fast charging Model 902,36998.0,,,,5.0,2677,Reliance Digital,,Free Delivery,,,LG,Luxury,,
office chair ergonomic,HP office chair ergonomic Model 168,20097.0,,,,3.5,2880,Croma,,2 Days,,,HP,Luxury,,
power bank fast charging,Dell power bank fast charging Model 817,8299.0,,,,3.7,,Flipkart,,5 Days,,,Dell,Premium,,
microwave oven convection,Samsung microwave oven convection Model 436,38648.0,,,,4.2,2095,Croma,,2 Days,,,Samsung,Luxury,,
air fryer India,LG air fryer India Model 921,16964.0,,,,2.7,4354,Reliance Digital,,2 Days,,,LG,Premium,,
air fryer India,LG air fryer India Model 351,,,,,4.1,3041,Amazon,,2 Days,,,LG,Unknown,,
men running shoes,Sony men running shoes Model 584,,,,,4.1,411,Croma,,5 Days,,,Unknown,Unknown,,
microwave oven convection,Nike microwave oven convection Model 675,2014.0,,,,3.7,1428,Reliance Digital,,5 Days,,,Nike,Mid-Range,,
air fryer India,Dell air fryer India Model 399,3266.0,,,,3.2,3596,Amazon,,Free Delivery,,,Dell,Mid-Range,,
office chair ergonomic,Puma office chair ergonomic Model 305,15697.0,,,,3.7,1940,Flipkart,,2 Days,,,Puma,Premium,,
air fryer India,Sony air fryer India Model 459,,,,,,3674,Reliance Digital,,5 Days,,,Unknown,Unknown,,
microwave oven convection,Sony microwave oven convection Model 852,4773.0,,,,4.5,3005,Croma,,2 Days,,,Unknown,Mid-Range,,
microwave oven convection,Sony microwave oven convection Model 440,4334.0,,,,2.5,2041,Flipkart,,5 Days,,,Unknown,Mid-Range,,
air fryer India,Nike air fryer India Model 186,21352.0,,,,3.3,2849,Croma,,5 Days,,,Nike,Luxury,,
men running shoes,Dell men running shoes Model 200,31794.0,,,,4.0,354,Amazon,,2 Days,,,Dell,Luxury,,
power bank fast charging,HP power bank fast charging Model 577,38962.0,,,,2.9,99,Croma,,2 Days,,,HP,Luxury,,
power bank fast charging,Dell power bank fast charging Model 966,28133.0,,,,4.4,2950,Flipkart,,Free Delivery,,,Dell,Luxury,,
office chair ergonomic,Philips office chair ergonomic Model 470,37042.0,,,,4.9,4107,Flipkart,,2 Days,,,Philips,Luxury,,
power bank fast charging,Philips power bank fast charging Model 136,114690.0,,,,3.4,2456,Reliance Digital,,Free Delivery,,,Philips,Luxury,,
men running shoes,Boat men running shoes Model 839,2510.0,,,,2.5,3356,Croma,,2 Days,,,Boat,Mid-Range,,
power bank fast charging,Samsung power bank fast charging Model 918,41601.0,,,,2.9,2072,Croma,,2 Days,,,Samsung,Luxury,,
microwave oven convection,Dell microwave oven convection Model 663,5712.0,,,,4.2,1139,Amazon,,5 Days,,,Dell,Premium,,
air fryer India,Nike air fryer India Model 610,39140.0,,,,2.9,3032,Amazon,,Free Delivery,,,Nike,Luxury,,
men running shoes,Nike men running shoes Model 799,5743.0,,,,3.8,1695,Flipkart,,5 Days,,,Nike,Premium,,
office chair ergonomic,Boat office chair ergonomic Model 649,,,,,4.4,4972,Reliance Digital,,5 Days,,,Boat,Unknown,,
men running shoes,Sony men running shoes Model 547,2086.0,,,,4.6,2882,Croma,,2 Days,,,Unknown,Mid-Range,,
air fryer India,Samsung air fryer India Model 355,43541.0,,,,3.3,2088,Amazon,,5 Days,,,Samsung,Luxury,,
office chair ergonomic,Nike office chair ergonomic Model 983,2556.0,,,,3.3,951,Flipkart,,Free Delivery,,,Nike,Mid-Range,,
office chair ergonomic,Sony office chair ergonomic Model 422,40011.0,,,,3.9,108,Reliance Digital,,Free Delivery,,,Unknown,Luxury,,
office chair ergonomic,LG office chair ergonomic Model 829,48584.0,,,,3.1,1055,Reliance Digital,,2 Days,,,LG,Luxury,,
power bank fast charging,HP power bank fast charging Model 549,35974.0,,,,4.0,3831,Amazon,,5 Days,,,HP,Luxury,,
men running shoes,Philips men running shoes Model 919,3772.0,,,,,1377,Croma,,2 Days,,,Philips,Mid-Range,,
air fryer India,Sony air fryer India Model 331,12621.0,,,,3.0,2262,Flipkart,,Free Delivery,,,Unknown,Premium,,
power bank fast charging,LG power bank fast charging Model 220,39474.0,,,,3.1,1988,Reliance Digital,,Free Delivery,,,LG,Luxury,,
office chair ergonomic,Sony office chair ergonomic Model 327,,,,,4.2,1332,Amazon,,5 Days,,,Unknown,Unknown,,
men running shoes,Samsung men running shoes Model 785,7514.0,,,,3.1,4026,Reliance Digital,,5 Days,,,Samsung,Premium,,
men running shoes,Samsung men running shoes Model 174,47927.0,,,,2.7,3938,Amazon,,Free Delivery,,,Samsung,Luxury,,
air fryer India,Philips air fryer India Model 978,,,,,5.0,843,Amazon,,5 Days,,,Philips,Unknown,,
men running shoes,Samsung men running shoes Model 658,33900.0,,,,4.0,458,Reliance Digital,,5 Days,,,Samsung,Luxury,,
men running shoes,Sony men running shoes Model 587,44061.0,,,,,,Amazon,,2 Days,,,Unknown,Luxury,,
microwave oven convection,HP microwave oven convection Model 299,19916.0,,,,4.6,281,Reliance Digital,,5 Days,,,HP,Premium,,
office chair ergonomic,Boat office chair ergonomic Model 117,42880.0,,,,2.6,3811,Flipkart,,Free Delivery,,,Boat,Luxury,,
microwave oven convection,Nike microwave oven convection Model 418,3327.0,,,,4.4,1863,Flipkart,,Free Delivery,,,Nike,Mid-Range,,
microwave oven convection,Samsung microwave oven convection Model 738,48929.0,,,,3.5,2114,Croma,,2 Days,,,Samsung,Luxury,,
microwave oven convection,Sony microwave oven convection Model 316,,,,,4.8,760,Amazon,,2 Days,,,Unknown,Unknown,,
men running shoes,Samsung men running shoes Model 250,18528.0,,,,4.4,4222,Amazon,,2 Days,,,Samsung,Premium,,
microwave oven convection,Sony microwave oven convection Model 574,,,,,2.8,2634,Amazon,,2 Days,,,Unknown,Unknown,,
power bank fast charging,HP power bank fast charging Model 312,34695.0,,,,3.4,3977,Reliance Digital,,Free Delivery,,,HP,Luxury,,
men running shoes,Puma men running shoes Model 761,23220.0,,,,4.5,3713,Flipkart,,5 Days,,,Puma,Luxury,,
air fryer India,Sony air fryer India Model 395,18860.0,,,,2.6,2188,Flipkart,,2 Days,,,Unknown,Premium,,
men running shoes,Sony men running shoes Model 654,37225.0,,,,4.9,1798,Croma,,Free Delivery,,,Unknown,Luxury,,
microwave oven convection,Philips microwave oven convection Model 322,38800.0,,,,4.2,3643,Croma,,Free Delivery,,,Philips,Luxury,,
office chair ergonomic,Sony office chair ergonomic Model 215,395720.0,,,,3.3,3512,Reliance Digital,,5 Days,,,Unknown,Luxury,,
office chair ergonomic,Nike office chair ergonomic Model 650,20379.0,,,,4.0,1776,Croma,,5 Days,,,Nike,Luxury,,
air fryer India,Philips air fryer India Model 933,,,,,4.7,4077,Flipkart,,Free Delivery,,,Philips,Unknown,,
office chair ergonomic,Boat office chair ergonomic Model 869,45800.0,,,,4.5,2207,Reliance Digital,,5 Days,,,Boat,Luxury,,
men running shoes,Sony men running shoes Model 120,46739.0,,,,4.6,3913,Amazon,,2 Days,,,Unknown,Luxury,,
microwave oven convection,Boat microwave oven convection Model 324,38021.0,,,,3.8,3188,Croma,,2 Days,,,Boat,Luxury,,
microwave oven convection,LG microwave oven convection Model 315,3378.0,,,,,1762,Reliance Digital,,2 Days,,,LG,Mid-Range,,
microwave oven convection,Sony microwave oven convection Model 895,,,,,4.5,4979,Croma,,2 Days,,,Unknown,Unknown,,
microwave oven convection,Nike microwave oven convection Model 828,29703.0,,,,2.6,3912,Croma,,2 Days,,,Nike,Luxury,,
air fryer India,Samsung air fryer India Model 610,,,,,3.9,2771,Croma,,Free Delivery,,,Samsung,Unknown,,
power bank fast charging,HP power bank fast charging Model 527,30519.0,,,,4.9,4510,Reliance Digital,,2 Days,,,HP,Luxury,,
power bank fast charging,Sony power bank fast charging Model 610,36000.0,,,,,3800,Amazon,,2 Days,,,Unknown,Luxury,,
air fryer India,Dell air fryer India Model 578,36341.0,,,,4.8,883,Flipkart,,Free Delivery,,,Dell,Luxury,,
microwave oven convection,Boat microwave oven convection Model 347,17219.0,,,,4.9,4143,Reliance Digital,,5 Days,,,Boat,Premium,,
men running shoes,Nike men running shoes Model 219,34253.0,,,,,841,Flipkart,,5 Days,,,Nike,Luxury,,
microwave oven convection,Nike microwave oven convection Model 250,39513.0,,,,3.4,4537,Reliance Digital,,5 Days,,,Nike,Luxury,,
air fryer India,Dell air fryer India Model 491,25496.0,,,,3.4,2200,Reliance Digital,,2 Days,,,Dell,Luxury,,
men running shoes,Philips men running shoes Model 426,27021.0,,,,3.8,2209,Amazon,,5 Days,,,Philips,Luxury,,
office chair ergonomic,HP office chair ergonomic Model 267,46662.0,,,,3.0,359,Reliance Digital,,2 Days,,,HP,Luxury,,
office chair ergonomic,Dell office chair ergonomic Model 173,18061.0,,,,4.3,4758,Flipkart,,Free Delivery,,,Dell,Premium,,
office chair ergonomic,Samsung office chair ergonomic Model 351,37724.0,,,,2.6,3723,Reliance Digital,,5 Days,,,Samsung,Luxury,,
power bank fast charging,Dell power bank fast charging Model 614,44089.0,,,,,200,Flipkart,,Free Delivery,,,Dell,Luxury,,
office chair ergonomic,Nike office chair ergonomic Model 977,41365.0,,,,3.8,1093,Croma,,Free Delivery,,,Nike,Luxury,,
microwave oven convection,LG microwave oven convection Model 911,15783.0,,,,3.8,2230,Amazon,,5 Days,,,LG,Premium,,
microwave oven convection,HP microwave oven convection Model 190,36826.0,,,,2.5,320,Amazon,,5 Days,,,HP,Luxury,,
men running shoes,Sony men running shoes Model 605,,,,,2.9,418,Croma,,2 Days,,,Unknown,Unknown,,
power bank fast charging,Philips power bank fast charging Model 994,36273.0,,,,3.6,1514,Reliance Digital,,5 Days,,,Philips,Luxury,,
office chair ergonomic,Samsung office chair ergonomic Model 796,7217.0,,,,4.3,4830,Reliance Digital,,2 Days,,,Samsung,Premium,,
men running shoes,Samsung men running shoes Model 565,33380.0,,,,2.6,2274,Reliance Digital,,5 Days,,,Samsung,Luxury,,
power bank fast charging,Philips power bank fast charging Model 567,42951.0,,,,4.2,2692,Reliance Digital,,5 Days,,,Philips,Luxury,,
office chair ergonomic,Nike office chair ergonomic Model 620,23961.0,,,,3.7,913,Reliance Digital,,Free Delivery,,,Nike,Luxury,,
office chair ergonomic,Sony office chair ergonomic Model 822,,,,,4.1,4670,Amazon,,Free Delivery,,,Unknown,Unknown,,
power bank fast charging,Philips power bank fast charging Model 275,49516.0,,,,4.7,571,Croma,,Free Delivery,,,Philips,Luxury,,
office chair ergonomic,Boat office chair ergonomic Model 912,13315.0,,,,2.7,3479,Amazon,,2 Days,,,Boat,Premium,,
men running shoes,HP men running shoes Model 889,46591.0,,,,5.0,4088,Flipkart,,5 Days,,,HP,Luxury,,
microwave oven convection,Philips microwave oven convection Model 811,265610.0,,,,4.3,4360,Croma,,2 Days,,,Philips,Luxury,,
air fryer India,Philips air fryer India Model 811,24354.0,,,,2.7,3500,Reliance Digital,,2 Days,,,Philips,Luxury,,
microwave oven convection,Puma microwave oven convection Model 599,25806.0,,,,4.3,2331,Flipkart,,Free Delivery,,,Puma,Luxury,,
air fryer India,HP air fryer India Model 506,5202.0,,,,3.6,2195,Croma,,2 Days,,,HP,Premium,,
microwave oven convection,Samsung microwave oven convection Model 571,10268.0,,,,4.7,3228,Flipkart,,2 Days,,,Samsung,Premium,,
air fryer India,HP air fryer India Model 838,47909.0,,,,4.6,2214,Amazon,,5 Days,,,HP,Luxury,,
air fryer India,Sony air fryer India Model 333,,,,,3.3,609,Croma,,Free Delivery,,,Unknown,Unknown,,
air fryer India,Puma air fryer India Model 766,5958.0,,,,3.4,494,Flipkart,,2 Days,,,Puma,Premium,,
men running shoes,Dell men running shoes Model 874,10730.0,,,,2.5,1422,Reliance Digital,,2 Days,,,Dell,Premium,,
men running shoes,Philips men running shoes Model 202,14611.0,,,,2.7,4839,Croma,,Free Delivery,,,Philips,Premium,,
power bank fast charging,Boat power bank fast charging Model 718,32604.0,,,,3.8,2491,Croma,,Free Delivery,,,Boat,Luxury,,
men running shoes,Philips men running shoes Model 793,9884.0,,,,3.1,1285,Croma,,Free Delivery,,,Philips,Premium,,
microwave oven convection,Nike microwave oven convection Model 519,,,,,4.7,3824,Flipkart,,2 Days,,,Nike,Unknown,,
office chair ergonomic,Dell office chair ergonomic Model 304,19464.0,,,,,1826,Amazon,,5 Days,,,Dell,Premium,,
microwave oven convection,Boat microwave oven convection Model 657,37648.0,,,,3.6,249,Croma,,2 Days,,,Boat,Luxury,,
office chair ergonomic,Samsung office chair ergonomic Model 705,42565.0,,,,,1017,Amazon,,Free Delivery,,,Samsung,Luxury,,
power bank fast charging,LG power bank fast charging Model 718,39901.0,,,,3.2,2296,Reliance Digital,,5 Days,,,LG,Luxury,,
power bank fast charging,Dell power bank fast charging Model 936,45006.0,,,,4.1,3694,Flipkart,,5 Days,,,Dell,Luxury,,
microwave oven convection,Boat microwave oven convection Model 652,,,,,4.0,1801,Amazon,,Free Delivery,,,Boat,Unknown,,
microwave oven convection,Puma microwave oven convection Model 435,13475.0,,,,4.5,1862,Amazon,,Free Delivery,,,Puma,Premium,,
power bank fast charging,HP power bank fast charging Model 544,2627.0,,,,4.7,512,Amazon,,Free Delivery,,,HP,Mid-Range,,
office chair ergonomic,Boat office chair ergonomic Model 509,7810.0,,,,2.9,3143,Croma,,2 Days,,,Boat,Premium,,
air fryer India,HP air fryer India Model 624,,,,,4.3,1573,Flipkart,,2 Days,,,HP,Unknown,,
power bank fast charging,Nike power bank fast charging Model 863,39057.0,,,,4.1,1310,Reliance Digital,,5 Days,,,Nike,Luxury,,
air fryer India,Samsung air fryer India Model 438,,,,,4.6,1497,Flipkart,,Free Delivery,,,Samsung,Unknown,,
microwave oven convection,Nike microwave oven convection Model 798,13302.0,,,,3.0,4736,Croma,,Free Delivery,,,Nike,Premium,,
office chair ergonomic,LG office chair ergonomic Model 482,27778.0,,,,3.7,1253,Flipkart,,2 Days,,,LG,Luxury,,
men running shoes,Dell men running shoes Model 980,26143.0,,,,4.3,3563,Amazon,,Free Delivery,,,Dell,Luxury,,
men running shoes,Samsung men running shoes Model 804,37654.0,,,,2.9,4091,Reliance Digital,,5 Days,,,Samsung,Luxury,,
power bank fast charging,LG power bank fast charging Model 629,17478.0,,,,3.8,835,Reliance Digital,,2 Days,,,LG,Premium,,
power bank fast charging,Philips power bank fast charging Model 367,,,,,3.1,587,Flipkart,,5 Days,,,Philips,Unknown,,
air fryer India,Puma air fryer India Model 888,32658.0,,,,3.4,3151,Reliance Digital,,Free Delivery,,,Puma,Luxury,,
power bank fast charging,Sony power bank fast charging Model 453,33355.0,,,,3.6,1888,Amazon,,5 Days,,,Unknown,Luxury,,
air fryer India,Sony air fryer India Model 957,39483.0,,,,3.6,3781,Flipkart,,2 Days,,,Unknown,Luxury,,
air fryer India,Dell air fryer India Model 753,6992.0,,,,4.4,1002,Flipkart,,2 Days,,,Dell,Premium,,
office chair ergonomic,Sony office chair ergonomic Model 657,41830.0,,,,3.5,660,Reliance Digital,,2 Days,,,Unknown,Luxury,,
microwave oven convection,Sony microwave oven convection Model 482,7782.0,,,,3.3,2054,Croma,,2 Days,,,Unknown,Premium,,
office chair ergonomic,Philips office chair ergonomic Model 288,,,,,3.6,4383,Reliance Digital,,5 Days,,,Philips,Unknown,,
office chair ergonomic,Philips office chair ergonomic Model 414,12081.0,,,,3.2,1965,Amazon,,Free Delivery,,,Philips,Premium,,
men running shoes,Sony men running shoes Model 620,27675.0,,,,2.8,2671,Flipkart,,2 Days,,,Unknown,Luxury,,
air fryer India,HP air fryer India Model 412,,,,,4.5,1293,Croma,,5 Days,,,HP,Unknown,,
air fryer India,Samsung air fryer India Model 295,,,,,,,Reliance Digital,,2 Days,,,Samsung,Unknown,,
men running shoes,LG men running shoes Model 675,8539.0,,,,2.8,1189,Reliance Digital,,2 Days,,,LG,Premium,,
office chair ergonomic,Nike office chair ergonomic Model 559,,,,,3.7,3147,Reliance Digital,,2 Days,,,Nike,Unknown,,
air fryer India,Puma air fryer India Model 882,,,,,,4009,Flipkart,,Free Delivery,,,Puma,Unknown,,
office chair ergonomic,Nike office chair ergonomic Model 213,38033.0,,,,3.0,2660,Croma,,Free Delivery,,,Nike,Luxury,,
microwave oven convection,HP microwave oven convection Model 317,36440.0,,,,3.3,3468,Reliance Digital,,Free Delivery,,,HP,Luxury,,
office chair ergonomic,HP office chair ergonomic Model 478,,,,,3.5,89,Croma,,5 Days,,,HP,Unknown,,
office chair ergonomic,Nike office chair ergonomic Model 206,7079.0,,,,3.8,3238,Amazon,,Free Delivery,,,Nike,Premium,,
office chair ergonomic,LG office chair ergonomic Model 859,44020.0,,,,3.4,4622,Reliance Digital,,Free Delivery,,,LG,Luxury,,
power bank fast charging,HP power bank fast charging Model 880,48374.0,,,,,2179,Reliance Digital,,2 Days,,,HP,Luxury,,
office chair ergonomic,Nike office chair ergonomic Model 716,6599.0,,,,4.4,1617,Flipkart,,Free Delivery,,,Nike,Premium,,
men running shoes,Nike men running shoes Model 830,14871.0,,,,4.6,187,Amazon,,2 Days,,,Nike,Premium,,
office chair ergonomic,Boat office chair ergonomic Model 688,2783.0,,,,3.1,1997,Reliance Digital,,5 Days,,,Boat,Mid-Range,,
power bank fast charging,Philips power bank fast charging Model 262,20128.0,,,,4.6,1331,Reliance Digital,,2 Days,,,Philips,Luxury,,
power bank fast charging,Boat power bank fast charging Model 942,42017.0,,,,3.2,4463,Reliance Digital,,Free Delivery,,,Boat,Luxury,,
air fryer India,Dell air fryer India Model 679,41000.0,,,,3.0,4008,Flipkart,,Free Delivery,,,Dell,Luxury,,
power bank fast charging,Samsung power bank fast charging Model 221,,,,,2.7,4394,Croma,,5 Days,,,Samsung,Unknown,,
office chair ergonomic,Philips office chair ergonomic Model 808,,,,,5.0,3347,Amazon,,2 Days,,,Philips,Unknown,,
air fryer India,Sony air fryer India Model 449,37450.0,,,,2.6,4046,Reliance Digital,,Free Delivery,,,Unknown,Luxury,,
air fryer India,Samsung air fryer India Model 811,8748.0,,,,3.9,,Amazon,,2 Days,,,Samsung,Premium,,
microwave oven convection,Boat microwave oven convection Model 555,40310.0,,,,3.7,,Croma,,5 Days,,,Boat,Luxury,,
men running shoes,Samsung men running shoes Model 152,,,,,4.5,4319,Flipkart,,2 Days,,,Samsung,Unknown,,
power bank fast charging,Sony power bank fast charging Model 485,14257.0,,,,3.3,4586,Flipkart,,5 Days,,,Unknown,Premium,,
office chair ergonomic,Boat office chair ergonomic Model 957,30490.0,,,,2.9,4951,Flipkart,,5 Days,,,Boat,Luxury,,
power bank fast charging,Philips power bank fast charging Model 713,33479.0,,,,3.5,1868,Croma,,5 Days,,,Philips,Luxury,,
power bank fast charging,Samsung power bank fast charging Model 126,,,,,4.7,3626,Reliance Digital,,Free Delivery,,,Samsung,Unknown,,
air fryer India,Philips air fryer India Model 632,,,,,3.1,741,Amazon,,2 Days,,,Philips,Unknown,,
men running shoes,Philips men running shoes Model 197,16859.0,,,,2.9,3991,Amazon,,5 Days,,,Philips,Premium,,
men running shoes,Boat men running shoes Model 599,38659.0,,,,4.1,3508,Flipkart,,5 Days,,,Boat,Luxury,,
men running shoes,HP men running shoes Model 842,36141.0,,,,4.4,523,Croma,,2 Days,,,HP,Luxury,,
office chair ergonomic,Dell office chair ergonomic Model 675,39908.0,,,,,1019,Amazon,,2 Days,,,Dell,Luxury,,
microwave oven convection,Dell microwave oven convection Model 991,2702.0,,,,4.1,1510,Amazon,,Free Delivery,,,Dell,Mid-Range,,
office chair ergonomic,Dell office chair ergonomic Model 968,27549.0,,,,3.7,1702,Amazon,,2 Days,,,Dell,Luxury,,
office chair ergonomic,Philips office chair ergonomic Model 629,32891.0,,,,,2641,Flipkart,,Free Delivery,,,Philips,Luxury,,
men running shoes,LG men running shoes Model 114,,,,,2.7,2202,Reliance Digital,,2 Days,,,LG,Unknown,,
microwave oven convection,HP microwave oven convection Model 573,31490.0,,,,3.1,3081,Amazon,,2 Days,,,HP,Luxury,,
men running shoes,LG men running shoes Model 141,4134.0,,,,3.5,2553,Reliance Digital,,2 Days,,,LG,Mid-Range,,
men running shoes,LG men running shoes Model 731,48627.0,,,,4.0,2347,Reliance Digital,,2 Days,,,LG,Luxury,,
microwave oven convection,Sony microwave oven convection Model 676,41297.0,,,,4.3,2957,Croma,,5 Days,,,Unknown,Luxury,,
men running shoes,Boat men running shoes Model 946,39259.0,,,,3.6,3308,Amazon,,2 Days,,,Boat,Luxury,,
men running shoes,Boat men running shoes Model 401,,,,,4.4,3883,Reliance Digital,,Free Delivery,,,Boat,Unknown,,
men running shoes,Dell men running shoes Model 200,4014.0,,,,3.4,3811,Flipkart,,2 Days,,,Dell,Mid-Range,,
power bank fast charging,Samsung power bank fast charging Model 878,9900.0,,,,3.4,3076,Croma,,5 Days,,,Samsung,Premium,,
air fryer India,Nike air fryer India Model 258,7313.0,,,,4.8,4820,Amazon,,5 Days,,,Nike,Premium,,
men running shoes,Dell men running shoes Model 244,23673.0,,,,4.5,3927,Croma,,2 Days,,,Dell,Luxury,,
men running shoes,HP men running shoes Model 771,21140.0,,,,3.7,2215,Amazon,,5 Days,,,HP,Luxury,,
microwave oven convection,Boat microwave oven convection Model 219,19893.0,,,,3.5,3165,Amazon,,5 Days,,,Boat,Premium,,
office chair ergonomic,Nike office chair ergonomic Model 852,,,,,2.6,,Reliance Digital,,2 Days,,,Nike,Unknown,,
microwave oven convection,Dell microwave oven convection Model 150,29474.0,,,,2.5,3901,Croma,,2 Days,,,Dell,Luxury,,
microwave oven convection,LG microwave oven convection Model 304,23499.0,,,,2.6,4843,Amazon,,2 Days,,,LG,Luxury,,
air fryer India,Dell air fryer India Model 406,580.0,,,,5.0,4288,Reliance Digital,,Free Delivery,,,Dell,Budget,,
power bank fast charging,Samsung power bank fast charging Model 292,2027.0,,,,5.0,939,Amazon,,5 Days,,,Samsung,Mid-Range,,
office chair ergonomic,LG office chair ergonomic Model 239,38994.0,,,,3.0,2868,Reliance Digital,,5 Days,,,LG,Luxury,,
office chair ergonomic,Philips office chair ergonomic Model 666,31575.0,,,,5.0,1871,Reliance Digital,,2 Days,,,Philips,Luxury,,
microwave oven convection,HP microwave oven convection Model 268,3182.0,,,,3.3,278,Flipkart,,Free Delivery,,,HP,Mid-Range,,
men running shoes,Philips men running shoes Model 842,33315.0,,,,3.7,1768,Amazon,,Free Delivery,,,Philips,Luxury,,
office chair ergonomic,Samsung office chair ergonomic Model 950,41261.0,,,,4.0,808,Flipkart,,5 Days,,,Samsung,Luxury,,
power bank fast charging,HP power bank fast charging Model 514,23139.0,,,,3.5,3129,Amazon,,2 Days,,,HP,Luxury,,
power bank fast charging,Boat power bank fast charging Model 872,41853.0,,,,3.9,762,Amazon,,2 Days,,,Boat,Luxury,,
microwave oven convection,Puma microwave oven convection Model 666,12418.0,,,,3.5,4483,Reliance Digital,,Free Delivery,,,Puma,Premium,,
air fryer India,Nike air fryer India Model 114,509.0,,,,,3324,Reliance Digital,,2 Days,,,Nike,Budget,,
air fryer India,Dell air fryer India Model 326,21328.0,,,,4.5,2894,Amazon,,2 Days,,,Dell,Luxury,,
office chair ergonomic,Puma office chair ergonomic Model 149,48111.0,,,,4.1,96,Croma,,Free Delivery,,,Puma,Luxury,,
microwave oven convection,Nike microwave oven convection Model 989,33750.0,,,,3.1,4457,Reliance Digital,,Free Delivery,,,Nike,Luxury,,
microwave oven convection,Puma microwave oven convection Model 243,7911.0,,,,4.3,3020,Reliance Digital,,2 Days,,,Puma,Premium,,
power bank fast charging,Boat power bank fast charging Model 254,4855.0,,,,4.8,2336,Reliance Digital,,Free Delivery,,,Boat,Mid-Range,,
microwave oven convection,Philips microwave oven convection Model 132,110800.0,,,,3.8,4460,Croma,,Free Delivery,,,Philips,Luxury,,
office chair ergonomic,Dell office chair ergonomic Model 448,44077.0,,,,5.0,4078,Flipkart,,Free Delivery,,,Dell,Luxury,,
office chair ergonomic,Philips office chair ergonomic Model 849,5498.0,,,,2.9,1932,Amazon,,Free Delivery,,,Philips,Premium,,
office chair ergonomic,Philips office chair ergonomic Model 137,10015.0,,,,,2426,Flipkart,,Free Delivery,,,Philips,Premium,,
power bank fast charging,Philips power bank fast charging Model 586,,,,,2.9,1312,Flipkart,,5 Days,,,Philips,Unknown,,
men running shoes,Puma men running shoes Model 575,24405.0,,,,3.2,3131,Reliance Digital,,Free Delivery,,,Puma,Luxury,,
men running shoes,LG men running shoes Model 503,13904.0,,,,3.7,3400,Croma,,2 Days,,,LG,Premium,,
air fryer India,HP air fryer India Model 491,12698.0,,,,,3540,Reliance Digital,,Free Delivery,,,HP,Premium,,
men running shoes,Dell men running shoes Model 997,12597.0,,,,4.2,3096,Amazon,,5 Days,,,Dell,Premium,,
microwave oven convection,LG microwave oven convection Model 638,4845.0,,,,4.5,2320,Croma,,5 Days,,,LG,Mid-Range,,
men running shoes,Dell men running shoes Model 968,,,,,3.1,1233,Reliance Digital,,2 Days,,,Dell,Unknown,,
power bank fast charging,Dell power bank fast charging Model 238,15091.0,,,,4.1,1955,Croma,,Free Delivery,,,Dell,Premium,,
office chair ergonomic,LG office chair ergonomic Model 100,7656.0,,,,4.7,778,Croma,,5 Days,,,LG,Premium,,
air fryer India,Nike air fryer India Model 886,242370.0,,,,4.7,745,Flipkart,,5 Days,,,Nike,Luxury,,
air fryer India,LG air fryer India Model 521,3501.0,,,,2.7,4874,Flipkart,,2 Days,,,LG,Mid-Range,,
office chair ergonomic,Samsung office chair ergonomic Model 134,2841.0,,,,3.7,3132,Croma,,5 Days,,,Samsung,Mid-Range,,
men running shoes,Philips men running shoes Model 661,4516.0,,,,4.6,1771,Flipkart,,2 Days,,,Philips,Mid-Range,,
microwave oven convection,Puma microwave oven convection Model 387,27730.0,,,,2.7,3521,Croma,,5 Days,,,Puma,Luxury,,
air fryer India,Philips air fryer India Model 575,1010.0,,,,3.3,2030,Flipkart,,2 Days,,,Philips,Mid-Range,,
power bank fast charging,HP power bank fast charging Model 829,21387.0,,,,3.4,3884,Reliance Digital,,5 Days,,,HP,Luxury,,
microwave oven convection,Sony microwave oven convection Model 479,229950.0,,,,4.3,594,Reliance Digital,,Free Delivery,,,Unknown,Luxury,,
office chair ergonomic,HP office chair ergonomic Model 981,10915.0,,,,3.5,2068,Amazon,,Free Delivery,,,HP,Premium,,
power bank fast charging,HP power bank fast charging Model 839,37507.0,,,,,574,Flipkart,,2 Days,,,HP,Luxury,,
air fryer India,Boat air fryer India Model 227,31390.0,,,,2.8,1021,Flipkart,,Free Delivery,,,Boat,Luxury,,
power bank fast charging,HP power bank fast charging Model 322,22563.0,,,,4.2,658,Croma,,Free Delivery,,,HP,Luxury,,
air fryer India,Samsung air fryer India Model 435,,,,,,1347,Reliance Digital,,2 Days,,,Samsung,Unknown,,
microwave oven convection,Nike microwave oven convection Model 591,23074.0,,,,4.1,4557,Flipkart,,2 Days,,,Nike,Luxury,,
office chair ergonomic,Puma office chair ergonomic Model 795,32346.0,,,,,15,Flipkart,,5 Days,,,Puma,Luxury,,
microwave oven convection,HP microwave oven convection Model 801,1014.0,,,,4.8,556,Flipkart,,5 Days,,,HP,Mid-Range,,
microwave oven convection,Dell microwave oven convection Model 797,,,,,,3318,Flipkart,,5 Days,,,Dell,Unknown,,
office chair ergonomic,Samsung office chair ergonomic Model 182,21133.0,,,,2.9,2149,Reliance Digital,,5 Days,,,Samsung,Luxury,,
air fryer India,Puma air fryer India Model 123,40736.0,,,,4.9,4282,Amazon,,Free Delivery,,,Puma,Luxury,,
air fryer India,Samsung air fryer India Model 923,20041.0,,,,4.6,1686,Reliance Digital,,Free Delivery,,,Samsung,Luxury,,
office chair ergonomic,Dell office chair ergonomic Model 771,27544.0,,,,4.4,923,Flipkart,,5 Days,,,Dell,Luxury,,
air fryer India,Samsung air fryer India Model 992,27560.0,,,,4.8,982,Flipkart,,Free Delivery,,,Samsung,Luxury,,
office chair ergonomic,LG office chair ergonomic Model 452,44069.0,,,,4.5,563,Reliance Digital,,2 Days,,,LG,Luxury,,
men running shoes,Dell men running shoes Model 605,5013.0,,,,,511,Flipkart,,Free Delivery,,,Dell,Premium,,
power bank fast charging,Philips power bank fast charging Model 289,13988.0,,,,3.7,694,Croma,,2 Days,,,Philips,Premium,,
men running shoes,Samsung men running shoes Model 544,10486.0,,,,2.7,2100,Reliance Digital,,5 Days,,,Samsung,Premium,,
power bank fast charging,Samsung power bank fast charging Model 407,,,,,3.0,384,Reliance Digital,,5 Days,,,Samsung,Unknown,,
microwave oven convection,Sony microwave oven convection Model 712,,,,,3.0,2924,Croma,,Free Delivery,,,Unknown,Unknown,,
air fryer India,Puma air fryer India Model 487,24376.0,,,,2.7,2426,Croma,,2 Days,,,Puma,Luxury,,
office chair ergonomic,Puma office chair ergonomic Model 894,16173.0,,,,,3831,Reliance Digital,,5 Days,,,Puma,Premium,,
men running shoes,Dell men running shoes Model 708,21749.0,,,,4.4,3471,Croma,,2 Days,,,Dell,Luxury,,
air fryer India,Dell air fryer India Model 411,2793.0,,,,4.1,804,Flipkart,,Free Delivery,,,Dell,Mid-Range,,
air fryer India,Samsung air fryer India Model 307,28309.0,,,,,2822,Reliance Digital,,5 Days,,,Samsung,Luxury,,
microwave oven convection,LG microwave oven convection Model 544,41392.0,,,,4.9,4441,Reliance Digital,,Free Delivery,,,LG,Luxury,,
men running shoes,Dell men running shoes Model 229,49252.0,,,,2.5,612,Croma,,Free Delivery,,,Dell,Luxury,,
power bank fast charging,HP power bank fast charging Model 954,18558.0,,,,3.1,2253,Flipkart,,5 Days,,,HP,Premium,,
men running shoes,Samsung men running shoes Model 521,15845.0,,,,3.7,1366,Reliance Digital,,5 Days,,,Samsung,Premium,,
microwave oven convection,Nike microwave oven convection Model 578,42039.0,,,,2.9,3804,Reliance Digital,,5 Days,,,Nike,Luxury,,
air fryer India,HP air fryer India Model 965,21550.0,,,,,3219,Reliance Digital,,5 Days,,,HP,Luxury,,
air fryer India,Boat air fryer India Model 677,31799.0,,,,4.5,1392,Flipkart,,2 Days,,,Boat,Luxury,,
air fryer India,HP air fryer India Model 976,12662.0,,,,,1032,Flipkart,,5 Days,,,HP,Premium,,
power bank fast charging,LG power bank fast charging Model 916,36164.0,,,,4.2,582,Croma,,5 Days,,,LG,Luxury,,
air fryer India,Boat air fryer India Model 950,35032.0,,,,3.9,2261,Reliance Digital,,2 Days,,,Boat,Luxury,,
men running shoes,LG men running shoes Model 509,320280.0,,,,2.9,3271,Amazon,,Free Delivery,,,LG,Luxury,,
office chair ergonomic,Nike office chair ergonomic Model 411,11726.0,,,,4.3,3164,Croma,,5 Days,,,Nike,Premium,,
office chair ergonomic,Boat office chair ergonomic Model 710,8682.0,,,,4.5,3068,Flipkart,,Free Delivery,,,Boat,Premium,,
air fryer India,Samsung air fryer India Model 217,,,,,4.2,4838,Flipkart,,5 Days,,,Samsung,Unknown,,
men running shoes,Boat men running shoes Model 728,,,,,2.6,4871,Croma,,Free Delivery,,,Boat,Unknown,,
men running shoes,Puma men running shoes Model 718,,,,,2.7,3002,Reliance Digital,,Free Delivery,,,Puma,Unknown,,
office chair ergonomic,Philips office chair ergonomic Model 400,,,,,4.6,3440,Flipkart,,5 Days,,,Philips,Unknown,,
power bank fast charging,HP power bank fast charging Model 949,,,,,3.6,4390,Reliance Digital,,2 Days,,,HP,Unknown,,
men running shoes,LG men running shoes Model 951,32489.0,,,,4.7,1071,Croma,,2 Days,,,LG,Luxury,,
microwave oven convection,LG microwave oven convection Model 223,16266.0,,,,2.6,841,Flipkart,,2 Days,,,LG,Premium,,
microwave oven convection,Sony microwave oven convection Model 208,3190.0,,,,3.7,3485,Reliance Digital,,Free Delivery,,,Unknown,Mid-Range,,
power bank fast charging,HP power bank fast charging Model 782,32123.0,,,,2.6,4498,Croma,,Free Delivery,,,HP,Luxury,,
office chair ergonomic,Philips office chair ergonomic Model 947,11703.0,,,,4.5,1804,Flipkart,,Free Delivery,,,Philips,Premium,,
microwave oven convection,Boat microwave oven convection Model 156,22013.0,,,,4.8,,Croma,,2 Days,,,Boat,Luxury,,
microwave oven convection,Samsung microwave oven convection Model 262,,,,,,329,Amazon,,2 Days,,,Samsung,Unknown,,
air fryer India,Puma air fryer India Model 830,45999.0,,,,3.3,2092,Reliance Digital,,Free Delivery,,,Puma,Luxury,,
microwave oven convection,Boat microwave oven convection Model 107,,,,,3.4,4732,Amazon,,5 Days,,,Boat,Unknown,,
office chair ergonomic,Nike office chair ergonomic Model 711,39769.0,,,,4.9,1513,Reliance Digital,,Free Delivery,,,Nike,Luxury,,
air fryer India,Puma air fryer India Model 299,13953.0,,,,3.8,762,Flipkart,,Free Delivery,,,Puma,Premium,,
air fryer India,Boat air fryer India Model 191,1312.0,,,,4.3,3015,Croma,,Free Delivery,,,Boat,Mid-Range,,
air fryer India,Puma air fryer India Model 989,286470.0,,,,4.3,176,Amazon,,Free Delivery,,,Puma,Luxury,,
men running shoes,Philips men running shoes Model 825,,,,,3.9,2097,Croma,,2 Days,,,Philips,Unknown,,
power bank fast charging,Puma power bank fast charging Model 759,,,,,4.9,4497,Reliance Digital,,5 Days,,,Puma,Unknown,,
men running shoes,Philips men running shoes Model 691,,,,,3.6,2998,Amazon,,Free Delivery,,,Philips,Unknown,,
men running shoes,Puma men running shoes Model 682,31925.0,,,,4.1,504,Flipkart,,5 Days,,,Puma,Luxury,,
power bank fast charging,Puma power bank fast charging Model 955,25138.0,,,,4.7,1783,Amazon,,2 Days,,,Puma,Luxury,,
air fryer India,Dell air fryer India Model 426,25678.0,,,,4.1,3123,Flipkart,,Free Delivery,,,Dell,Luxury,,
office chair ergonomic,Puma office chair ergonomic Model 306,238330.0,,,,2.6,293,Flipkart,,5 Days,,,Puma,Luxury,,
office chair ergonomic,Philips office chair ergonomic Model 358,27382.0,,,,4.2,2911,Amazon,,5 Days,,,Philips,Luxury,,
power bank fast charging,Dell power bank fast charging Model 384,48358.0,,,,2.9,3901,Flipkart,,2 Days,,,Dell,Luxury,,
microwave oven convection,Dell microwave oven convection Model 261,29727.0,,,,4.5,729,Croma,,2 Days,,,Dell,Luxury,,
men running shoes,HP men running shoes Model 481,,,,,3.4,,Croma,,2 Days,,,HP,Unknown,,
men running shoes,HP men running shoes Model 580,461640.0,,,,4.0,3916,Amazon,,2 Days,,,HP,Luxury,,
power bank fast charging,Nike power bank fast charging Model 349,40721.0,,,,3.6,2624,Croma,,Free Delivery,,,Nike,Luxury,,
office chair ergonomic,Dell office chair ergonomic Model 197,5177.0,,,,3.6,764,Croma,,Free Delivery,,,Dell,Premium,,
air fryer India,Sony air fryer India Model 541,36843.0,,,,5.0,3896,Reliance Digital,,Free Delivery,,,Unknown,Luxury,,
office chair ergonomic,Samsung office chair ergonomic Model 914,39692.0,,,,2.5,3206,Reliance Digital,,2 Days,,,Samsung,Luxury,,
air fryer India,LG air fryer India Model 715,137250.0,,,,2.9,3483,Reliance Digital,,Free Delivery,,,LG,Luxury,,
air fryer India,Philips air fryer India Model 213,,,,,4.4,2655,Amazon,,2 Days,,,Philips,Unknown,,
microwave oven convection,Samsung microwave oven convection Model 185,,,,,3.2,4994,Reliance Digital,,2 Days,,,Samsung,Unknown,,
microwave oven convection,Puma microwave oven convection Model 932,43698.0,,,,4.6,933,Croma,,5 Days,,,Puma,Luxury,,
office chair ergonomic,Sony office chair ergonomic Model 161,45347.0,,,,4.5,1603,Amazon,,5 Days,,,Unknown,Luxury,,
microwave oven convection,LG microwave oven convection Model 410,22679.0,,,,,2444,Reliance Digital,,Free Delivery,,,LG,Luxury,,
air fryer India,Dell air fryer India Model 866,,,,,4.9,1352,Reliance Digital,,Free Delivery,,,Dell,Unknown,,
office chair ergonomic,LG office chair ergonomic Model 829,48662.0,,,,4.2,771,Amazon,,2 Days,,,LG,Luxury,,
power bank fast charging,Nike power bank fast charging Model 179,27819.0,,,,4.4,4685,Croma,,5 Days,,,Nike,Luxury,,
air fryer India,LG air fryer India Model 766,14150.0,,,,3.9,4540,Flipkart,,5 Days,,,LG,Premium,,
air fryer India,LG air fryer India Model 734,12278.0,,,,3.7,3022,Flipkart,,Free Delivery,,,LG,Premium,,
men running shoes,Boat men running shoes Model 957,45374.0,,,,4.5,4979,Reliance Digital,,2 Days,,,Boat,Luxury,,
office chair ergonomic,Nike office chair ergonomic Model 597,4149.0,,,,3.6,2704,Reliance Digital,,5 Days,,,Nike,Mid-Range,,
office chair ergonomic,Sony office chair ergonomic Model 529,26090.0,,,,4.7,2527,Flipkart,,2 Days,,,Unknown,Luxury,,
microwave oven convection,Nike microwave oven convection Model 978,12578.0,,,,2.7,788,Flipkart,,2 Days,,,Nike,Premium,,
power bank fast charging,Samsung power bank fast charging Model 302,289730.0,,,,3.3,1230,Croma,,Free Delivery,,,Samsung,Luxury,,
microwave oven convection,HP microwave oven convection Model 563,25389.0,,,,3.8,1359,Flipkart,,Free Delivery,,,HP,Luxury,,
office chair ergonomic,Boat office chair ergonomic Model 391,3892.0,,,,2.8,1107,Reliance Digital,,Free Delivery,,,Boat,Mid-Range,,
men running shoes,Puma men running shoes Model 181,14503.0,,,,3.3,259,Amazon,,5 Days,,,Puma,Premium,,
office chair ergonomic,Nike office chair ergonomic Model 138,33684.0,,,,4.1,4006,Croma,,5 Days,,,Nike,Luxury,,
men running shoes,Boat men running shoes Model 131,4525.0,,,,4.3,60,Amazon,,Free Delivery,,,Boat,Mid-Range,,
air fryer India,Philips air fryer India Model 708,39908.0,,,,3.6,3101,Croma,,2 Days,,,Philips,Luxury,,
microwave oven convection,HP microwave oven convection Model 837,11861.0,,,,4.4,1200,Amazon,,Free Delivery,,,HP,Premium,,
air fryer India,Philips air fryer India Model 898,1480.0,,,,4.4,4269,Croma,,Free Delivery,,,Philips,Mid-Range,,
power bank fast charging,LG power bank fast charging Model 917,28909.0,,,,4.2,589,Reliance Digital,,2 Days,,,LG,Luxury,,
power bank fast charging,LG power bank fast charging Model 462,35863.0,,,,2.6,3980,Amazon,,2 Days,,,LG,Luxury,,
air fryer India,LG air fryer India Model 363,10393.0,,,,3.5,3600,Croma,,2 Days,,,LG,Premium,,
power bank fast charging,Samsung power bank fast charging Model 274,40982.0,,,,2.7,1415,Flipkart,,Free Delivery,,,Samsung,Luxury,,
office chair ergonomic,Samsung office chair ergonomic Model 666,4203.0,,,,4.0,3908,Croma,,5 Days,,,Samsung,Mid-Range,,
men running shoes,LG men running shoes Model 798,14557.0,,,,4.2,4101,Flipkart,,Free Delivery,,,LG,Premium,,
men running shoes,HP men running shoes Model 164,25568.0,,,,3.8,2404,Croma,,2 Days,,,HP,Luxury,,
air fryer India,HP air fryer India Model 122,3007.0,,,,3.0,798,Flipkart,,Free Delivery,,,HP,Mid-Range,,
office chair ergonomic,LG office chair ergonomic Model 249,,,,,4.5,4364,Flipkart,,5 Days,,,LG,Unknown,,
power bank fast charging,Nike power bank fast charging Model 647,21053.0,,,,3.9,3385,Amazon,,2 Days,,,Nike,Luxury,,
power bank fast charging,Nike power bank fast charging Model 586,42301.0,,,,4.6,1978,Flipkart,,Free Delivery,,,Nike,Luxury,,
power bank fast charging,HP power bank fast charging Model 169,12817.0,,,,4.8,3939,Flipkart,,2 Days,,,HP,Premium,,
air fryer India,LG air fryer India Model 148,42752.0,,,,4.7,304,Amazon,,2 Days,,,LG,Luxury,,
office chair ergonomic,LG office chair ergonomic Model 379,44740.0,,,,2.5,4236,Reliance Digital,,2 Days,,,LG,Luxury,,
microwave oven convection,Philips microwave oven convection Model 925,26739.0,,,,4.8,461,Reliance Digital,,2 Days,,,Philips,Luxury,,
power bank fast charging,Nike power bank fast charging Model 403,40193.0,,,,4.9,4205,Amazon,,Free Delivery,,,Nike,Luxury,,
office chair ergonomic,HP office chair ergonomic Model 389,12474.0,,,,5.0,1626,Amazon,,5 Days,,,HP,Premium,,
office chair ergonomic,Sony office chair ergonomic Model 476,49990.0,,,,4.9,1424,Croma,,2 Days,,,Unknown,Luxury,,
office chair ergonomic,Philips office chair ergonomic Model 550,,,,,4.6,2088,Amazon,,Free Delivery,,,Philips,Unknown,,
men running shoes,LG men running shoes Model 597,6967.0,,,,,1700,Reliance Digital,,2 Days,,,LG,Premium,,
office chair ergonomic,Puma office chair ergonomic Model 150,3938.0,,,,3.3,270,Amazon,,Free Delivery,,,Puma,Mid-Range,,
office chair ergonomic,Boat office chair ergonomic Model 756,405890.0,,,,,665,Amazon,,2 Days,,,Boat,Luxury,,
office chair ergonomic,Philips office chair ergonomic Model 378,34748.0,,,,3.6,3627,Flipkart,,2 Days,,,Philips,Luxury,,
microwave oven convection,Puma microwave oven convection Model 455,12233.0,,,,2.6,129,Flipkart,,2 Days,,,Puma,Premium,,
office chair ergonomic,Samsung office chair ergonomic Model 472,98570.0,,,,,3938,Amazon,,2 Days,,,Samsung,Luxury,,
microwave oven convection,LG microwave oven convection Model 764,41983.0,,,,4.7,1505,Flipkart,,2 Days,,,LG,Luxury,,
men running shoes,HP men running shoes Model 632,,,,,3.5,1442,Amazon,,5 Days,,,HP,Unknown,,
power bank fast charging,Sony power bank fast charging Model 327,24058.0,,,,4.6,251,Croma,,5 Days,,,Unknown,Luxury,,
microwave oven convection,Puma microwave oven convection Model 155,13333.0,,,,5.0,14,Reliance Digital,,5 Days,,,Puma,Premium,,
air fryer India,LG air fryer India Model 541,21052.0,,,,2.8,3250,Amazon,,2 Days,,,LG,Luxury,,
men running shoes,Philips men running shoes Model 473,,,,,4.2,3085,Reliance Digital,,Free Delivery,,,Philips,Unknown,,
power bank fast charging,Puma power bank fast charging Model 349,28673.0,,,,4.0,1584,Amazon,,2 Days,,,Puma,Luxury,,
air fryer India,Boat air fryer India Model 971,12775.0,,,,4.0,2898,Reliance Digital,,Free Delivery,,,Boat,Premium,,
office chair ergonomic,Samsung office chair ergonomic Model 195,1336.0,,,,4.2,3413,Flipkart,,Free Delivery,,,Samsung,Mid-Range,,
office chair ergonomic,Boat office chair ergonomic Model 668,1919.0,,,,2.9,1430,Croma,,2 Days,,,Boat,Mid-Range,,
microwave oven convection,Dell microwave oven convection Model 232,49064.0,,,,4.5,1963,Croma,,5 Days,,,Dell,Luxury,,
office chair ergonomic,Samsung office chair ergonomic Model 196,45448.0,,,,3.1,465,Reliance Digital,,Free Delivery,,,Samsung,Luxury,,
men running shoes,Nike men running shoes Model 539,22398.0,,,,2.7,685,Flipkart,,2 Days,,,Nike,Luxury,,
microwave oven convection,Philips microwave oven convection Model 148,402890.0,,,,3.8,4840,Reliance Digital,,Free Delivery,,,Philips,Luxury,,
office chair ergonomic,Samsung office chair ergonomic Model 959,11870.0,,,,3.4,3887,Flipkart,,5 Days,,,Samsung,Premium,,
office chair ergonomic,Samsung office chair ergonomic Model 750,24312.0,,,,4.6,1105,Amazon,,2 Days,,,Samsung,Luxury,,
men running shoes,LG men running shoes Model 770,34889.0,,,,3.4,51,Amazon,,5 Days,,,LG,Luxury,,
air fryer India,HP air fryer India Model 401,37436.0,,,,,2306,Croma,,5 Days,,,HP,Luxury,,
office chair ergonomic,Dell office chair ergonomic Model 783,10831.0,,,,2.8,547,Croma,,2 Days,,,Dell,Premium,,
power bank fast charging,Dell power bank fast charging Model 326,12582.0,,,,4.4,3935,Amazon,,5 Days,,,Dell,Premium,,
microwave oven convection,Puma microwave oven convection Model 288,49325.0,,,,4.8,1563,Amazon,,Free Delivery,,,Puma,Luxury,,
microwave oven convection,Dell microwave oven convection Model 714,26693.0,,,,4.9,3601,Croma,,Free Delivery,,,Dell,Luxury,,
men running shoes,Nike men running shoes Model 858,,,,,3.7,2110,Croma,,5 Days,,,Nike,Unknown,,
power bank fast charging,Philips power bank fast charging Model 829,,,,,2.6,1456,Croma,,Free Delivery,,,Philips,Unknown,,
men running shoes,Nike men running shoes Model 627,31099.0,,,,3.8,3192,Reliance Digital,,2 Days,,,Nike,Luxury,,
air fryer India,LG air fryer India Model 297,48610.0,,,,3.4,1148,Reliance Digital,,5 Days,,,LG,Luxury,,
power bank fast charging,Puma power bank fast charging Model 354,239860.0,,,,,3870,Flipkart,,2 Days,,,Puma,Luxury,,
men running shoes,Samsung men running shoes Model 646,31537.0,,,,4.0,2188,Flipkart,,Free Delivery,,,Samsung,Luxury,,
office chair ergonomic,Philips office chair ergonomic Model 759,40305.0,,,,3.9,4930,Croma,,2 Days,,,Philips,Luxury,,
microwave oven convection,Samsung microwave oven convection Model 305,49682.0,,,,4.2,4064,Reliance Digital,,Free Delivery,,,Samsung,Luxury,,
men running shoes,Boat men running shoes Model 740,18123.0,,,,4.5,1799,Reliance Digital,,5 Days,,,Boat,Premium,,
power bank fast charging,Philips power bank fast charging Model 373,31026.0,,,,4.5,,Reliance Digital,,2 Days,,,Philips,Luxury,,
power bank fast charging,Philips power bank fast charging Model 481,3252.0,,,,4.4,4842,Amazon,,Free Delivery,,,Philips,Mid-Range,,
power bank fast charging,HP power bank fast charging Model 232,6725.0,,,,3.9,800,Flipkart,,Free Delivery,,,HP,Premium,,
men running shoes,Puma men running shoes Model 151,,,,,2.9,741,Croma,,Free Delivery,,,Puma,Unknown,,
microwave oven convection,LG microwave oven convection Model 323,,,,,,1494,Flipkart,,Free Delivery,,,LG,Unknown,,
air fryer India,Dell air fryer India Model 476,19141.0,,,,4.1,4829,Amazon,,Free Delivery,,,Dell,Premium,,
office chair ergonomic,Puma office chair ergonomic Model 823,,,,,3.4,937,Amazon,,Free Delivery,,,Puma,Unknown,,
microwave oven convection,Boat microwave oven convection Model 294,14590.0,,,,4.1,877,Flipkart,,5 Days,,,Boat,Premium,,
air fryer India,Dell air fryer India Model 696,,,,,3.3,1208,Flipkart,,Free Delivery,,,Dell,Unknown,,
office chair ergonomic,Nike office chair ergonomic Model 378,8156.0,,,,4.8,1246,Croma,,5 Days,,,Nike,Premium,,
men running shoes,Samsung men running shoes Model 613,13410.0,,,,2.9,1987,Reliance Digital,,2 Days,,,Samsung,Premium,,
microwave oven convection,Samsung microwave oven convection Model 714,,,,,3.8,4602,Flipkart,,Free Delivery,,,Samsung,Unknown,,
men running shoes,Boat men running shoes Model 506,27212.0,,,,3.1,797,Croma,,2 Days,,,Boat,Luxury,,
men running shoes,Dell men running shoes Model 106,30345.0,,,,4.7,1355,Amazon,,Free Delivery,,,Dell,Luxury,,
air fryer India,HP air fryer India Model 726,40524.0,,,,4.7,95,Flipkart,,Free Delivery,,,HP,Luxury,,
microwave oven convection,Nike microwave oven convection Model 140,2510.0,,,,4.5,4517,Croma,,Free Delivery,,,Nike,Mid-Range,,
men running shoes,Puma men running shoes Model 934,42736.0,,,,3.8,500,Amazon,,5 Days,,,Puma,Luxury,,
air fryer India,Boat air fryer India Model 433,30954.0,,,,4.2,746,Amazon,,5 Days,,,Boat,Luxury,,
power bank fast charging,Dell power bank fast charging Model 185,13896.0,,,,3.9,963,Reliance Digital,,5 Days,,,Dell,Premium,,
microwave oven convection,HP microwave oven convection Model 639,4261.0,,,,2.7,2230,Flipkart,,5 Days,,,HP,Mid-Range,,
air fryer India,Nike air fryer India Model 536,8598.0,,,,3.3,1641,Croma,,5 Days,,,Nike,Premium,,
men running shoes,Puma men running shoes Model 476,48783.0,,,,2.7,3072,Flipkart,,Free Delivery,,,Puma,Luxury,,
men running shoes,Sony men running shoes Model 393,8312.0,,,,4.8,441,Croma,,Free Delivery,,,Unknown,Premium,,
microwave oven convection,HP microwave oven convection Model 455,1099.0,,,,2.6,,Reliance Digital,,2 Days,,,HP,Mid-Range,,
men running shoes,Philips men running shoes Model 904,28926.0,,,,3.2,4894,Amazon,,2 Days,,,Philips,Luxury,,
office chair ergonomic,Puma office chair ergonomic Model 559,200380.0,,,,4.1,1363,Croma,,Free Delivery,,,Puma,Luxury,,
air fryer India,Boat air fryer India Model 881,44221.0,,,,,3337,Flipkart,,2 Days,,,Boat,Luxury,,
power bank fast charging,Boat power bank fast charging Model 685,13683.0,,,,4.5,2173,Croma,,2 Days,,,Boat,Premium,,
office chair ergonomic,Puma office chair ergonomic Model 296,12559.0,,,,4.4,2806,Reliance Digital,,Free Delivery,,,Puma,Premium,,
microwave oven convection,Puma microwave oven convection Model 195,12872.0,,,,4.4,629,Amazon,,5 Days,,,Puma,Premium,,
microwave oven convection,Boat microwave oven convection Model 919,27029.0,,,,4.6,4765,Croma,,5 Days,,,Boat,Luxury,,
air fryer India,LG air fryer India Model 497,1734.0,,,,4.9,1240,Amazon,,Free Delivery,,,LG,Mid-Range,,
men running shoes,Sony men running shoes Model 630,25956.0,,,,,3445,Amazon,,5 Days,,,Unknown,Luxury,,
microwave oven convection,Boat microwave oven convection Model 727,16473.0,,,,,4296,Croma,,Free Delivery,,,Boat,Premium,,
air fryer India,Dell air fryer India Model 238,8235.0,,,,3.0,351,Croma,,5 Days,,,Dell,Premium,,
microwave oven convection,Philips microwave oven convection Model 652,26565.0,,,,2.6,3497,Amazon,,2 Days,,,Philips,Luxury,,
microwave oven convection,Samsung microwave oven convection Model 126,29631.0,,,,3.6,531,Amazon,,2 Days,,,Samsung,Luxury,,
men running shoes,Philips men running shoes Model 411,25279.0,,,,3.4,2261,Amazon,,5 Days,,,Philips,Luxury,,
air fryer India,HP air fryer India Model 755,11309.0,,,,3.6,4502,Flipkart,,2 Days,,,HP,Premium,,
men running shoes,Samsung men running shoes Model 188,,,,,3.6,4555,Croma,,5 Days,,,Samsung,Unknown,,
air fryer India,Dell air fryer India Model 243,18440.0,,,,2.6,3171,Amazon,,Free Delivery,,,Dell,Premium,,
air fryer India,LG air fryer India Model 520,,,,,3.3,1279,Croma,,2 Days,,,LG,Unknown,,
air fryer India,Samsung air fryer India Model 896,,,,,3.2,2853,Amazon,,2 Days,,,Samsung,Unknown,,
office chair ergonomic,Boat office chair ergonomic Model 163,49391.0,,,,4.0,1681,Reliance Digital,,Free Delivery,,,Boat,Luxury,,
men running shoes,Dell men running shoes Model 873,36201.0,,,,3.7,600,Flipkart,,5 Days,,,Dell,Luxury,,
power bank fast charging,LG power bank fast charging Model 346,17711.0,,,,3.6,608,Croma,,2 Days,,,LG,Premium,,
power bank fast charging,Samsung power bank fast charging Model 316,29321.0,,,,3.8,2779,Amazon,,5 Days,,,Samsung,Luxury,,
microwave oven convection,Philips microwave oven convection Model 381,,,,,4.4,4638,Croma,,5 Days,,,Philips,Unknown,,
microwave oven convection,LG microwave oven convection Model 152,5102.0,,,,2.8,2118,Reliance Digital,,5 Days,,,LG,Premium,,
microwave oven convection,HP microwave oven convection Model 770,1253.0,,,,3.6,1177,Flipkart,,5 Days,,,HP,Mid-Range,,
microwave oven convection,Puma microwave oven convection Model 996,42455.0,,,,2.7,533,Croma,,2 Days,,,Puma,Luxury,,
power bank fast charging,Boat power bank fast charging Model 927,5855.0,,,,4.7,3908,Croma,,2 Days,,,Boat,Premium,,
men running shoes,LG men running shoes Model 260,7350.0,,,,3.8,2107,Amazon,,Free Delivery,,,LG,Premium,,
power bank fast charging,Nike power bank fast charging Model 112,,,,,4.9,1869,Reliance Digital,,Free Delivery,,,Nike,Unknown,,
men running shoes,Samsung men running shoes Model 170,20645.0,,,,,679,Reliance Digital,,Free Delivery,,,Samsung,Luxury,,
air fryer India,Puma air fryer India Model 311,38802.0,,,,4.0,1316,Amazon,,5 Days,,,Puma,Luxury,,
microwave oven convection,Dell microwave oven convection Model 924,1432.0,,,,4.8,2003,Croma,,2 Days,,,Dell,Mid-Range,,
office chair ergonomic,Sony office chair ergonomic Model 493,25335.0,,,,3.5,252,Croma,,5 Days,,,Unknown,Luxury,,
air fryer India,Dell air fryer India Model 603,18674.0,,,,,4850,Amazon,,Free Delivery,,,Dell,Premium,,
microwave oven convection,LG microwave oven convection Model 741,12854.0,,,,4.0,1502,Croma,,5 Days,,,LG,Premium,,
office chair ergonomic,Puma office chair ergonomic Model 946,27326.0,,,,4.4,3197,Amazon,,5 Days,,,Puma,Luxury,,
office chair ergonomic,Sony office chair ergonomic Model 491,29394.0,,,,3.0,485,Flipkart,,5 Days,,,Unknown,Luxury,,
air fryer India,LG air fryer India Model 268,18575.0,,,,2.8,1910,Croma,,5 Days,,,LG,Premium,,
power bank fast charging,Dell power bank fast charging Model 484,,,,,3.0,1454,Croma,,2 Days,,,Dell,Unknown,,
air fryer India,Dell air fryer India Model 521,28686.0,,,,5.0,640,Flipkart,,Free Delivery,,,Dell,Luxury,,
air fryer India,Samsung air fryer India Model 897,32149.0,,,,3.9,1417,Flipkart,,Free Delivery,,,Samsung,Luxury,,
air fryer India,Samsung air fryer India Model 509,33415.0,,,,3.7,418,Croma,,2 Days,,,Samsung,Luxury,,
office chair ergonomic,Puma office chair ergonomic Model 834,26972.0,,,,4.4,3119,Reliance Digital,,Free Delivery,,,Puma,Luxury,,
office chair ergonomic,Sony office chair ergonomic Model 630,,,,,4.9,3572,Reliance Digital,,Free Delivery,,,Unknown,Unknown,,
air fryer India,Nike air fryer India Model 162,48988.0,,,,4.1,4559,Flipkart,,5 Days,,,Nike,Luxury,,
men running shoes,Nike men running shoes Model 454,,,,,,2249,Reliance Digital,,Free Delivery,,,Nike,Unknown,,
microwave oven convection,HP microwave oven convection Model 594,2169.0,,,,,3203,Amazon,,Free Delivery,,,HP,Mid-Range,,
power bank fast charging,HP power bank fast charging Model 834,,,,,4.8,2734,Reliance Digital,,Free Delivery,,,HP,Unknown,,
men running shoes,Boat men running shoes Model 987,,,,,4.4,1199,Amazon,,Free Delivery,,,Boat,Unknown,,
air fryer India,Puma air fryer India Model 209,222300.0,,,,3.6,3271,Amazon,,Free Delivery,,,Puma,Luxury,,
men running shoes,Boat men running shoes Model 581,,,,,2.9,3362,Amazon,,2 Days,,,Boat,Unknown,,
power bank fast charging,HP power bank fast charging Model 605,24658.0,,,,4.1,2491,Reliance Digital,,2 Days,,,HP,Luxury,,
air fryer India,Boat air fryer India Model 535,33365.0,,,,3.6,1179,Amazon,,5 Days,,,Boat,Luxury,,
men running shoes,Samsung men running shoes Model 931,22549.0,,,,2.9,2761,Flipkart,,5 Days,,,Samsung,Luxury,,
power bank fast charging,HP power bank fast charging Model 250,38959.0,,,,4.6,579,Reliance Digital,,2 Days,,,HP,Luxury,,
microwave oven convection,Samsung microwave oven convection Model 788,28251.0,,,,3.3,4604,Amazon,,Free Delivery,,,Samsung,Luxury,,
men running shoes,Boat men running shoes Model 420,26404.0,,,,3.9,718,Croma,,Free Delivery,,,Boat,Luxury,,
air fryer India,Dell air fryer India Model 323,34760.0,,,,4.2,2520,Croma,,2 Days,,,Dell,Luxury,,
microwave oven convection,Samsung microwave oven convection Model 354,16888.0,,,,2.9,1267,Reliance Digital,,5 Days,,,Samsung,Premium,,
microwave oven convection,Philips microwave oven convection Model 565,28852.0,,,,,4195,Flipkart,,Free Delivery,,,Philips,Luxury,,
power bank fast charging,Samsung power bank fast charging Model 596,26397.0,,,,3.3,1033,Reliance Digital,,Free Delivery,,,Samsung,Luxury,,
microwave oven convection,Nike microwave oven convection Model 845,46529.0,,,,4.7,1118,Flipkart,,5 Days,,,Nike,Luxury,,
air fryer India,Puma air fryer India Model 818,4964.0,,,,4.1,732,Flipkart,,5 Days,,,Puma,Mid-Range,,
air fryer India,Nike air fryer India Model 470,33735.0,,,,2.7,1710,Amazon,,2 Days,,,Nike,Luxury,,
men running shoes,LG men running shoes Model 990,,,,,4.0,1413,Croma,,5 Days,,,LG,Unknown,,
men running shoes,Nike men running shoes Model 785,24799.0,,,,3.4,246,Flipkart,,5 Days,,,Nike,Luxury,,
office chair ergonomic,Philips office chair ergonomic Model 755,9463.0,,,,,3340,Flipkart,,Free Delivery,,,Philips,Premium,,
office chair ergonomic,Dell office chair ergonomic Model 884,7331.0,,,,4.1,2179,Reliance Digital,,Free Delivery,,,Dell,Premium,,
office chair ergonomic,Boat office chair ergonomic Model 172,28498.0,,,,,4784,Reliance Digital,,Free Delivery,,,Boat,Luxury,,
power bank fast charging,Sony power bank fast charging Model 154,33036.0,,,,,3288,Reliance Digital,,Free Delivery,,,Unknown,Luxury,,
men running shoes,Boat men running shoes Model 762,18772.0,,,,3.4,347,Reliance Digital,,Free Delivery,,,Boat,Premium,,
power bank fast charging,Nike power bank fast charging Model 813,49195.0,,,,4.1,2711,Croma,,Free Delivery,,,Nike,Luxury,,
microwave oven convection,LG microwave oven convection Model 306,8035.0,,,,4.7,4121,Reliance Digital,,5 Days,,,LG,Premium,,
power bank fast charging,Dell power bank fast charging Model 291,1087.0,,,,2.6,1882,Croma,,5 Days,,,Dell,Mid-Range,,
power bank fast charging,LG power bank fast charging Model 347,16861.0,,,,4.4,1826,Croma,,2 Days,,,LG,Premium,,
power bank fast charging,LG power bank fast charging Model 649,26039.0,,,,4.1,248,Flipkart,,2 Days,,,LG,Luxury,,
office chair ergonomic,Nike office chair ergonomic Model 210,34006.0,,,,4.6,2854,Flipkart,,Free Delivery,,,Nike,Luxury,,
men running shoes,HP men running shoes Model 454,30364.0,,,,,660,Amazon,,5 Days,,,HP,Luxury,,
men running shoes,LG men running shoes Model 174,,,,,3.7,4029,Amazon,,5 Days,,,LG,Unknown,,
air fryer India,Nike air fryer India Model 543,,,,,3.8,4051,Croma,,5 Days,,,Nike,Unknown,,
power bank fast charging,LG power bank fast charging Model 344,25192.0,,,,,1871,Flipkart,,Free Delivery,,,LG,Luxury,,
office chair ergonomic,Samsung office chair ergonomic Model 656,41403.0,,,,2.8,135,Amazon,,Free Delivery,,,Samsung,Luxury,,
power bank fast charging,LG power bank fast charging Model 620,7596.0,,,,2.5,3981,Flipkart,,2 Days,,,LG,Premium,,
microwave oven convection,Nike microwave oven convection Model 724,43854.0,,,,3.5,3729,Croma,,5 Days,,,Nike,Luxury,,
men running shoes,Nike men running shoes Model 955,12436.0,,,,2.8,4004,Amazon,,2 Days,,,Nike,Premium,,
power bank fast charging,Nike power bank fast charging Model 543,19052.0,,,,4.2,3428,Flipkart,,5 Days,,,Nike,Premium,,
microwave oven convection,Philips microwave oven convection Model 269,47068.0,,,,3.9,1802,Reliance Digital,,Free Delivery,,,Philips,Luxury,,
power bank fast charging,Dell power bank fast charging Model 653,46043.0,,,,4.2,1541,Flipkart,,Free Delivery,,,Dell,Luxury,,
air fryer India,Nike air fryer India Model 396,,,,,2.6,,Reliance Digital,,5 Days,,,Nike,Unknown,,
office chair ergonomic,Nike office chair ergonomic Model 771,29337.0,,,,3.6,1541,Flipkart,,Free Delivery,,,Nike,Luxury,,
power bank fast charging,HP power bank fast charging Model 730,15938.0,,,,3.3,3328,Amazon,,Free Delivery,,,HP,Premium,,
microwave oven convection,LG microwave oven convection Model 878,,,,,2.8,2854,Amazon,,5 Days,,,LG,Unknown,,
air fryer India,LG air fryer India Model 168,,,,,2.7,2233,Flipkart,,Free Delivery,,,LG,Unknown,,
men running shoes,Philips men running shoes Model 376,,,,,4.4,2555,Flipkart,,5 Days,,,Philips,Unknown,,
office chair ergonomic,HP office chair ergonomic Model 674,41684.0,,,,3.7,3074,Croma,,Free Delivery,,,HP,Luxury,,
air fryer India,Sony air fryer India Model 906,41305.0,,,,3.9,3574,Reliance Digital,,Free Delivery,,,Unknown,Luxury,,
office chair ergonomic,Samsung office chair ergonomic Model 398,31075.0,,,,4.7,1146,Amazon,,Free Delivery,,,Samsung,Luxury,,
men running shoes,Dell men running shoes Model 652,30140.0,,,,2.9,807,Reliance Digital,,5 Days,,,Dell,Luxury,,
power bank fast charging,Sony power bank fast charging Model 334,9499.0,,,,4.9,4207,Croma,,Free Delivery,,,Unknown,Premium,,
men running shoes,Philips men running shoes Model 277,31389.0,,,,4.3,4321,Croma,,5 Days,,,Philips,Luxury,,
office chair ergonomic,Philips office chair ergonomic Model 658,4438.0,,,,,40,Amazon,,5 Days,,,Philips,Mid-Range,,
air fryer India,Dell air fryer India Model 580,17961.0,,,,3.1,4995,Flipkart,,2 Days,,,Dell,Premium,,
office chair ergonomic,Dell office chair ergonomic Model 249,9264.0,,,,3.3,609,Reliance Digital,,Free Delivery,,,Dell,Premium,,
microwave oven convection,LG microwave oven convection Model 223,46052.0,,,,4.5,2531,Croma,,Free Delivery,,,LG,Luxury,,
air fryer India,LG air fryer India Model 237,3117.0,,,,3.7,748,Croma,,Free Delivery,,,LG,Mid-Range,,
air fryer India,LG air fryer India Model 520,28421.0,,,,4.6,2786,Reliance Digital,,5 Days,,,LG,Luxury,,
air fryer India,Dell air fryer India Model 376,48528.0,,,,2.6,3673,Flipkart,,Free Delivery,,,Dell,Luxury,,
microwave oven convection,Puma microwave oven convection Model 544,48582.0,,,,3.1,3036,Flipkart,,5 Days,,,Puma,Luxury,,
office chair ergonomic,HP office chair ergonomic Model 112,31474.0,,,,3.0,4517,Croma,,Free Delivery,,,HP,Luxury,,
air fryer India,Nike air fryer India Model 635,23979.0,,,,,384,Amazon,,2 Days,,,Nike,Luxury,,
office chair ergonomic,Philips office chair ergonomic Model 883,,,,,3.4,3442,Amazon,,2 Days,,,Philips,Unknown,,
office chair ergonomic,Boat office chair ergonomic Model 505,17335.0,,,,4.9,2038,Croma,,Free Delivery,,,Boat,Premium,,
office chair ergonomic,Nike office chair ergonomic Model 457,6006.0,,,,3.4,1498,Flipkart,,Free Delivery,,,Nike,Premium,,
air fryer India,Philips air fryer India Model 669,13652.0,,,,2.7,2243,Amazon,,2 Days,,,Philips,Premium,,
men running shoes,HP men running shoes Model 974,13155.0,,,,3.6,2057,Flipkart,,2 Days,,,HP,Premium,,
microwave oven convection,Sony microwave oven convection Model 861,14160.0,,,,5.0,1594,Reliance Digital,,Free Delivery,,,Unknown,Premium,,
office chair ergonomic,Boat office chair ergonomic Model 534,49386.0,,,,4.1,916,Croma,,Free Delivery,,,Boat,Luxury,,
power bank fast charging,Boat power bank fast charging Model 257,48691.0,,,,4.8,539,Croma,,Free Delivery,,,Boat,Luxury,,
office chair ergonomic,Sony office chair ergonomic Model 116,39770.0,,,,4.2,617,Reliance Digital,,2 Days,,,Unknown,Luxury,,
air fryer India,Sony air fryer India Model 725,22083.0,,,,2.5,3667,Flipkart,,5 Days,,,Unknown,Luxury,,
men running shoes,LG men running shoes Model 265,31009.0,,,,3.1,506,Reliance Digital,,2 Days,,,LG,Luxury,,
microwave oven convection,Philips microwave oven convection Model 221,14840.0,,,,4.3,3858,Flipkart,,Free Delivery,,,Philips,Premium,,
men running shoes,LG men running shoes Model 272,5766.0,,,,3.2,973,Reliance Digital,,5 Days,,,LG,Premium,,
microwave oven convection,Puma microwave oven convection Model 738,41951.0,,,,4.0,1460,Flipkart,,Free Delivery,,,Puma,Luxury,,
office chair ergonomic,HP office chair ergonomic Model 205,132290.0,,,,2.6,874,Reliance Digital,,Free Delivery,,,HP,Luxury,,
office chair ergonomic,Samsung office chair ergonomic Model 229,20104.0,,,,2.7,439,Amazon,,2 Days,,,Samsung,Luxury,,
office chair ergonomic,Philips office chair ergonomic Model 798,,,,,3.6,1257,Flipkart,,5 Days,,,Philips,Unknown,,
power bank fast charging,Nike power bank fast charging Model 172,25092.0,,,,3.0,263,Croma,,2 Days,,,Nike,Luxury,,
microwave oven convection,Boat microwave oven convection Model 156,220130.0,,,,4.8,4501,Croma,,2 Days,,,Boat,Luxury,,
air fryer India,Dell air fryer India Model 363,,,,,4.0,641,Flipkart,,2 Days,,,Dell,Unknown,,
air fryer India,Philips air fryer India Model 269,,,,,3.6,,Flipkart,,5 Days,,,Philips,Unknown,,
air fryer India,Dell air fryer India Model 243,184400.0,,,,2.6,3171,Amazon,,Free Delivery,,,Dell,Luxury,,
microwave oven convection,Boat microwave oven convection Model 458,31490.0,,,,3.1,1093,Amazon,,5 Days,,,Boat,Luxury,,
power bank fast charging,Dell power bank fast charging Model 484,40635.0,,,,3.0,1454,Croma,,2 Days,,,Dell,Luxury,,
office chair ergonomic,Philips office chair ergonomic Model 808,28743.0,,,,5.0,3347,Amazon,,2 Days,,,Philips,Luxury,,
air fryer India,HP air fryer India Model 947,26570.0,,,,4.9,,Croma,,2 Days,,,HP,Luxury,,
men running shoes,Samsung men running shoes Model 785,,,,,3.1,4026,Reliance Digital,,5 Days,,,Samsung,Unknown,,
power bank fast charging,Philips power bank fast charging Model 136,11469.0,,,,3.4,2456,Reliance Digital,,Free Delivery,,,Philips,Premium,,
microwave oven convection,Sony microwave oven convection Model 852,47730.0,,,,4.5,3005,Croma,,2 Days,,,Unknown,Luxury,,
power bank fast charging,Boat power bank fast charging Model 295,171520.0,,,,3.9,,Flipkart,,Free Delivery,,,Boat,Luxury,,
air fryer India,Nike air fryer India Model 162,489880.0,,,,4.1,4559,Flipkart,,5 Days,,,Nike,Luxury,,
men running shoes,HP men running shoes Model 129,,,,,4.5,3287,Flipkart,,5 Days,,,HP,Unknown,,
office chair ergonomic,HP office chair ergonomic Model 603,,,,,3.7,3241,Croma,,2 Days,,,HP,Unknown,,
power bank fast charging,Boat power bank fast charging Model 237,,,,,4.1,4794,Reliance Digital,,Free Delivery,,,Boat,Unknown,,
office chair ergonomic,Sony office chair ergonomic Model 116,397700.0,,,,4.2,617,Reliance Digital,,2 Days,,,Unknown,Luxury,,
office chair ergonomic,Samsung office chair ergonomic Model 472,9857.0,,,,,3938,Amazon,,2 Days,,,Samsung,Premium,,
power bank fast charging,Sony power bank fast charging Model 327,,,,,4.6,251,Croma,,5 Days,,,Unknown,Unknown,,
office chair ergonomic,Philips office chair ergonomic Model 733,2022.0,,,,3.7,4021,Flipkart,,2 Days,,,Philips,Mid-Range,,
men running shoes,Sony men running shoes Model 584,,,,,4.1,,Croma,,5 Days,,,Unknown,Unknown,,
office chair ergonomic,Puma office chair ergonomic Model 306,23833.0,,,,2.6,293,Flipkart,,5 Days,,,Puma,Luxury,,
microwave oven convection,Dell microwave oven convection Model 367,323170.0,,,,3.6,434,Amazon,,Free Delivery,,,Dell,Luxury,,
microwave oven convection,Puma microwave oven convection Model 195,128720.0,,,,4.4,629,Amazon,,5 Days,,,Puma,Luxury,,
office chair ergonomic,Philips office chair ergonomic Model 414,12081.0,,,,3.2,,Amazon,,Free Delivery,,,Philips,Premium,,
power bank fast charging,Philips power bank fast charging Model 642,,,,,4.6,2579,Reliance Digital,,2 Days,,,Philips,Unknown,,
men running shoes,Nike men running shoes Model 359,,,,,3.9,4643,Amazon,,Free Delivery,,,Nike,Unknown,,
office chair ergonomic,Philips office chair ergonomic Model 666,,,,,5.0,1871,Reliance Digital,,2 Days,,,Philips,Unknown,,
office chair ergonomic,LG office chair ergonomic Model 829,48662.0,,,,4.2,,Amazon,,2 Days,,,LG,Luxury,,
air fryer India,LG air fryer India Model 363,10393.0,,,,3.5,,Croma,,2 Days,,,LG,Premium,,
microwave oven convection,Philips microwave oven convection Model 322,,,,,4.2,3643,Croma,,Free Delivery,,,Philips,Unknown,,
microwave oven convection,Mainstays 3-in-1 Air Fry Convection Microwave Oven,104.0,$104.00,,,4.4,50,Walmart,1,Free delivery,"https://www.google.com/search?ibp=oshop&q=microwave oven convection&prds=catalogid:12226281968346113399,productid:2368512472155768436,headlineOfferDocid:7502923163199883614,imageDocid:4979163481339486243,rds:PC_10349173870038818231|PROD_PC_10349173870038818231,gpcid:10349173870038818231,mid:576462536190496003,pvt:hg&hl=en&gl=us&udm=28",https://encrypted-tbn3.gstatic.com/shopping?q=tbn:ANd9GcQhczk_Yq7IiQjGU8dtK_WDz1stNgR0P0YEvWeuwhx2CNG2Wv-I2Qr-3D34Ylli7JtdPt4tSbHCcMWCgggJyl3OsEMWRh8RX5j8YJXXpZOLAHzH_Y9I_rB6Zw,Unknown,Budget,100.0,
microwave oven convection,GE 1.0 Cu. Ft. Countertop Convection Microwave Oven with Air Fry,199.99,$199.99,260.0,260.0,4.4,3600,Best Buy,2,Free delivery by Sun,"https://www.google.com/search?ibp=oshop&q=microwave oven convection&prds=catalogid:401032093448143835,productid:8129249276190293329,headlineOfferDocid:13640418936221578096,imageDocid:6301739381719186393,rds:PC_10758755348615374700|PROD_PC_10758755348615374700,gpcid:10758755348615374700,mid:576462581094674190,pvt:hg&hl=en&gl=us&udm=28",https://encrypted-tbn2.gstatic.com/shopping?q=tbn:ANd9GcRShv1P7c58W7ZX1bi-74PK8UPcTCow1pwmrV6qEyddx-9dfrRM5R91BeW7ChQHdIUSoWYFTIHJBPhGx6eHUIAY7wY1H3nWookKxevaT979,Unknown,Budget,97.5,23.08
microwave oven convection,"Frigidaire 3-in-1 1.1 Cu. Ft. Microwave, Air Fryer, Convection Oven",139.99,$139.99,160.0,160.0,3.6,150,Target,3,Free delivery by Thu,"https://www.google.com/search?ibp=oshop&q=microwave oven convection&prds=catalogid:17667748415182886201,productid:10356890950059540532,headlineOfferDocid:2623641777100954945,imageDocid:5593509670881301104,rds:PC_5422942024629729702|PROD_PC_5422942024629729702,gpcid:5422942024629729702,mid:576462810942442197,pvt:hg&hl=en&gl=us&udm=28",https://encrypted-tbn0.gstatic.com/shopping?q=tbn:ANd9GcTpv9qx4CI289RmMXpr5rdEyC_D_GZsvYcTRWR44PvGOO4ffcZLbwIMjvAvT-iyWuxDl-fcCxTaQ4wk7usCv-Neh-Z7K4zXOmEfUorAfCBLhwraBHCZJBpc,Unknown,Budget,95.0,12.51
microwave oven convection,Cafe 1.7 Cu. Ft. Convection Over-the-Range Microwave Oven,499.99,$499.99,942.0,942.0,4.3,1600,Overstock Corner - Appliance Store,4,,"https://www.google.com/search?ibp=oshop&q=microwave oven convection&prds=catalogid:6306346048824159921,productid:10239077809645179083,headlineOfferDocid:2897585407453817641,imageDocid:7230080837302206475,rds:PC_15050861743594972708|PROD_PC_15050861743594972708,gpcid:15050861743594972708,pvt:hg&hl=en&gl=us&udm=28",https://encrypted-tbn3.gstatic.com/shopping?q=tbn:ANd9GcTj_pmz2jjJNP1UFirxHVWpSfD2X6KRpIHwfAZxZPcszkwrOTWF4-adHxWN9WFkFamnefRW5zJPr82b2gY7uOOtZ2DjhiTo6z8HDlYstQg,Unknown,Budget,92.5,46.92
microwave oven convection,Vissani Countertop Microwave,179.0,$179.00,,,3.3,61,Home Depot,5,Free delivery,"https://www.google.com/search?ibp=oshop&q=microwave oven convection&prds=catalogid:4497394228004531414,productid:8730830539218258444,headlineOfferDocid:17815705122282975106,imageDocid:15773885012657837196,rds:PC_12730326170082235974|PROD_PC_12730326170082235974,gpcid:12730326170082235974,mid:576462566257184504,pvt:hg&hl=en&gl=us&udm=28",https://encrypted-tbn0.gstatic.com/shopping?q=tbn:ANd9GcTvh4gu2LFev1pAEpFbKOreVqXWGKDCKmCydx2zBH5lzFtnwDrtZ7W9GDcUnHzjuYjdDMAHqCNKDfxyb6w7QfK_z-muEuezGX6Pp8Nfmr7dI8noVSsXH032,Unknown,Budget,90.0,
microwave oven convection,GE Profile 1.5 Cu. ft Countertop Convection Microwave Oven,298.4,$298.40,,,3.5,1400,Serigrafia.eus,6,,"https://www.google.com/search?ibp=oshop&q=microwave oven convection&prds=catalogid:5421938757088363759,productid:13017777768926723665,headlineOfferDocid:3446098912360262053,imageDocid:16105880159418663187,rds:PC_10392372062399290405|PROD_PC_10392372062399290405,gpcid:10392372062399290405,pvt:hg&hl=en&gl=us&udm=28",https://encrypted-tbn3.gstatic.com/shopping?q=tbn:ANd9GcSotA4Fk-nXv3xgmGD5MHxxvaRhCbyFrqqwgXX7ld4Y8tRmfaN9xFoKHH3cyEJWIA33NA7ATD5uR9j6Y173FWN1i-yZ1lfdEzHgnMTcxBw7,Unknown,Budget,87.5,
microwave oven convection,Panasonic 1.3 Cu. Ft. Countertop Multi-Oven,364.95,$364.95,378.0,378.0,3.8,20,Target,7,Free delivery by Thu,"https://www.google.com/search?ibp=oshop&q=microwave oven convection&prds=catalogid:1306195821657760761,productid:15728214511795842052,headlineOfferDocid:4851004413402824525,imageDocid:11343419226842460223,rds:PC_13201015239553713633|PROD_PC_13201015239553713633,gpcid:13201015239553713633,mid:576462484528183969,pvt:hg&hl=en&gl=us&udm=28",https://encrypted-tbn3.gstatic.com/shopping?q=tbn:ANd9GcR9OBJGSS1xa-cAnj2UWIsCI1f0IDeExI53CM-PYS9kw_zpDhGHpMWr_SXWltnhJpD02SEX3l3YtjPlGMEBiMsRl_GTeSkIZ2BS1LQE-CRxVqyRarKsPftt,Unknown,Budget,85.0,3.45
microwave oven convection,GE Profile Countertop Convection/Microwave Oven PCWK15C1WSS,829.0,$829.00,,,3.1,870,Lowe's,8,,"https://www.google.com/search?ibp=oshop&q=microwave oven convection&prds=catalogid:821252368299641337,productid:2007106897126527761,headlineOfferDocid:7240989245555098876,imageDocid:15112788825854546471,rds:PC_16400422736677691930|PROD_PC_16400422736677691930,gpcid:16400422736677691930,mid:576462788702707106,pvt:hg&hl=en&gl=us&udm=28",https://encrypted-tbn3.gstatic.com/shopping?q=tbn:ANd9GcQ77TOdIvnThAAHqBOqNpHQlQ-Q8G212bI7VLtevuMlhwBS0h1y2GSK5_YXs6EiwFrjn-W-urHeYP9K1T7kr-_itEsMWkNpN4qOxg_JHztt,Unknown,Budget,82.5,
microwave oven convection,Breville Combi Wave 3 in 1 Microwave,499.95,$499.95,,,4.2,2800,Breville,9,Free delivery,"https://www.google.com/search?ibp=oshop&q=microwave oven convection&prds=catalogid:644515500080275449,productid:5628774914388787635,headlineOfferDocid:13185337448612162796,rds:PC_11474697836264071417|PROD_PC_11474697836264071417,gpcid:11474697836264071417,mid:576462326967615555,pvt:hg&hl=en&gl=us&udm=28",https://encrypted-tbn2.gstatic.com/shopping?q=tbn:ANd9GcSH_6-Rx9uOl4SNATr9R_nKFwyn0_Pht_41ujytNaDb8l3nYhhpsVy5rTNkVIEPNB5tpZ46BABWyR3vlVX3C9LaWyhPprJvQJIV_xfRHn5CaQHhmQLCYrHkSA,Unknown,Budget,80.0,
microwave oven convection,Commercial Chef 1.7 Cu. Ft. Over-The-Range Convection Microwave Oven CHMRC17GS,367.99,$367.99,,,3.5,6,Walmart - My Home Products LLC,10,Free delivery,"https://www.google.com/search?ibp=oshop&q=microwave oven convection&prds=catalogid:769700304510428139,productid:3907837643590650561,headlineOfferDocid:99617161301633376,imageDocid:10583193471392582838,rds:PC_2007302093468682387|PROD_PC_2007302093468682387,gpcid:2007302093468682387,mid:576462801269753600,pvt:hg&hl=en&gl=us&udm=28",https://encrypted-tbn2.gstatic.com/shopping?q=tbn:ANd9GcTvKzJ0-tz1Erpxz4ZAYfM7x2ovoTThofPuRUFT49Z2E52vLOkhjh4zKycO64xzEqSl5FD0iGzR9_YNQMgUK4BV-leTr-mE6r2Hd3pEKwPgDpJvhyUCuoBx,Unknown,Budget,77.5,
microwave oven convection,Toshiba Airfry 1.0 cu ft Top Countertop Microwave,159.99,$159.99,200.0,200.0,5.0,3,Target,11,Free delivery by Thu,"https://www.google.com/search?ibp=oshop&q=microwave oven convection&prds=catalogid:14767459968458147332,productid:15249572995043901527,headlineOfferDocid:17298295577166115712,imageDocid:14196754455804881862,rds:PC_5326622831624589897|PROD_PC_5326622831624589897,gpcid:5326622831624589897,mid:576462556209239405,pvt:hg&hl=en&gl=us&udm=28",https://encrypted-tbn2.gstatic.com/shopping?q=tbn:ANd9GcQ93x75oLUl6ypdDqfDqAPTtB_Q7GL50vESH1ITvyCmtqA5J37T_EWwmL8Y-OcJU8s-AwCZMfIwdjO3FrtEWCzp6jju84AmVodyYRCkdKM6EQsMPvUkk9Fa8w,Unknown,Budget,75.0,20.0
microwave oven convection,Vissani Countertop Convection Microwave Oven,109.0,$109.00,,,3.6,58,Home Depot,12,Free delivery,"https://www.google.com/search?ibp=oshop&q=microwave oven convection&prds=catalogid:11960928128059294273,productid:3287545405427335705,headlineOfferDocid:15649959012723210617,imageDocid:17737291070025731753,rds:PC_869762065080414519|PROD_PC_869762065080414519,gpcid:869762065080414519,mid:576462827537919899,pvt:hg&hl=en&gl=us&udm=28",https://encrypted-tbn1.gstatic.com/shopping?q=tbn:ANd9GcRLji_HfHF5dK5wvlCiOjWwTvKXn7JhL0Wckl83oMg8JauAgcQqLpNIEFtS0GfJuEULxXt8gFxaCdKNaPdQtfGn20oix6vL7eVRi6uGyx72MhK-M--bHO8MgQ,Unknown,Budget,72.5,
microwave oven convection,"KitchenAid 24"" Built-In More-In-One Convection Microwave Speed Oven with Air",1799.0,"$1,799.00",2000.0,2000.0,2.2,4,Hahn Appliance,13,,"https://www.google.com/search?ibp=oshop&q=microwave oven convection&prds=catalogid:6395937764358822205,productid:1759897027072381332,headlineOfferDocid:15279704135456471770,imageDocid:2245904309542920153,rds:PC_15890496741674726437|PROD_PC_15890496741674726437,gpcid:15890496741674726437,mid:576462524087269436,pvt:hg&hl=en&gl=us&udm=28",https://encrypted-tbn1.gstatic.com/shopping?q=tbn:ANd9GcQPscIrzKUnOL_FjFUJD9Hi2cfnDstgTQigLmrKkys65aLJp4BNAYwq-bcFlUf7lBpn97_93zhOt3gw9M4-HrBreWRt5Cpi6v_mwCdRGl-99TjTen9JHBj_QQ,Unknown,Mid-Range,70.0,10.05
microwave oven convection,1.7 Cu. Ft. Over-The-Range Convection Microwave GE Profile,728.99,$728.99,,,4.2,5400,Best Buy,14,,"https://www.google.com/search?ibp=oshop&q=microwave oven convection&prds=catalogid:18437418996485937336,productid:7539530063256426202,headlineOfferDocid:4023825712931578765,imageDocid:5401648798329944227,rds:PC_8665511580326777524|PROD_PC_8665511580326777524,gpcid:8665511580326777524,mid:576462895453486514,pvt:hg&hl=en&gl=us&udm=28",https://encrypted-tbn3.gstatic.com/shopping?q=tbn:ANd9GcSBczKaE6WD8KM5NXai2CrYeUkhTmvLjhbDFdaBPFhK8hafJvbYe4yHQEuCOEuwRDLMJbWNqMw2-cKacsK8XEvLokyICoKd4GYzbsHyqfQ,Unknown,Budget,67.5,
microwave oven convection,LG SIGNATURE 1.7 Cu. Ft. Over-the-Range Convection Microwave Oven with Air Fry,999.0,$999.00,,,4.0,1,Lowe's,15,,"https://www.google.com/search?ibp=oshop&q=microwave oven convection&prds=catalogid:15979373277008282103,productid:17411497181392250143,headlineOfferDocid:16694690802110117657,imageDocid:3128479435768283739,rds:PC_17893785475886982595|PROD_PC_17893785475886982595,gpcid:17893785475886982595,mid:576462885790090264,pvt:hg&hl=en&gl=us&udm=28",https://encrypted-tbn3.gstatic.com/shopping?q=tbn:ANd9GcRwiakVnr39W86zJahcd1I9krwedz8JH7XIgEz-BBBSGDrgNsnv3CS4TZlMNEUdqdNKuN1rFF45tepVuMmBQs-2yrUR5XjDyboX00WWW0L6WA7PaCD6y-VbPw,LG,Budget,65.0,
microwave oven convection,Sharp 1.1 Cu. Ft. Over-the-Range Convection Microwave Oven R1874T,699.0,$699.00,,,4.3,275,Home Depot,16,Free delivery,"https://www.google.com/search?ibp=oshop&q=microwave oven convection&prds=catalogid:15637444823883903633,productid:10992356843437463806,headlineOfferDocid:17129801749590304459,imageDocid:1457621636998464322,rds:PC_9025717516007675097|PROD_PC_9025717516007675097,gpcid:9025717516007675097,mid:576460815619647574,pvt:hg&hl=en&gl=us&udm=28",https://encrypted-tbn2.gstatic.com/shopping?q=tbn:ANd9GcQWpQE4fw5TbEvWTVVeH0u0KeRthuBhSKTQKrgbKVaLXLuq1Oam7pPGYijN32R1u3F2AC6PnNY5Ya7CT6ovrTVNDE7Rvk1Cqe2WhQ_uCGgyPKM-PTh01JN9,Unknown,Budget,62.5,
microwave oven convection,IKEA YGSBO over-the-range convection microwave,499.0,$499.00,,,4.0,1,IKEA,17,,"https://www.google.com/search?ibp=oshop&q=microwave oven convection&prds=catalogid:13080276341979276394,productid:5901085561191534825,headlineOfferDocid:13046208656403518348,imageDocid:15913749627331809751,rds:PC_6243626496339678129|PROD_PC_6243626496339678129,gpcid:6243626496339678129,pvt:hg&hl=en&gl=us&udm=28",https://encrypted-tbn3.gstatic.com/shopping?q=tbn:ANd9GcRjyS9kP-pXgn1Mt0SAy8x_T-YWVrdYIa6MIciaoH_xsLMgZ2gXJg2cSxQvOAL7fQ9ac9vK4tz16fSuf3zgGwNB6Ia8Xel0LBc5umSZ_y8,Unknown,Budget,60.0,
microwave oven convection,Panasonic HomeMADE Countertop Microwave Multi-Oven NN-CD65NS,294.95,$294.95,,,4.4,82,Walmart,18,Free delivery,"https://www.google.com/search?ibp=oshop&q=microwave oven convection&prds=catalogid:1239961147456605826,productid:1567198093084537151,headlineOfferDocid:1679194717870897120,imageDocid:15175162490096548884,rds:PC_16448480159549698367|PROD_PC_16448480159549698367,gpcid:16448480159549698367,mid:576462787408360849,pvt:hg&hl=en&gl=us&udm=28",https://encrypted-tbn0.gstatic.com/shopping?q=tbn:ANd9GcRm_RdFFYYQRkFx1rymaUvjpGUhuaGsOF2npJTj6Z_W0cpe7shKNPqdBAC3BMjjGc6xValBc6SnvhZq_tHAsRYUH8V8r8PfiNcfe2Afj1BW,Unknown,Budget,57.49999999999999,
microwave oven convection,Commercial Chef 5-in-1 Countertop Microwave Air Fryer Combo,188.99,$188.99,,,4.0,6,Best Buy,19,,"https://www.google.com/search?ibp=oshop&q=microwave oven convection&prds=catalogid:3048818348171418722,productid:4052284113015050156,headlineOfferDocid:11622061117039738028,imageDocid:7863221218809958967,rds:PC_8550966597242881120|PROD_PC_8550966597242881120,gpcid:8550966597242881120,mid:576462803952786335,pvt:hg&hl=en&gl=us&udm=28",https://encrypted-tbn3.gstatic.com/shopping?q=tbn:ANd9GcS6TQEVd8fQOjuvYu6QMaw9G4ho1TDjaOBHvLCO63kxWi3nJFlHFgC-qXbnNDBzn-0cRcX1DbcsqmBB4E4Min37NVJbDGMVt-_u69sl2iP8Ljw2vtySUB1J,Unknown,Budget,55.00000000000001,
microwave oven convection,CONTOURE All-in-One True Convection & Microwave Oven with Sensor Cooking,894.99,$894.99,,,,,Camping World,20,Free delivery,"https://www.google.com/search?ibp=oshop&q=microwave oven convection&prds=catalogid:10070884215407745892,productid:1726173874216126717,headlineOfferDocid:9856547975913466199,imageDocid:5374304024309850825,gpcid:1897731095862338564,mid:576462473208209975,pvt:hg&hl=en&gl=us&udm=28",https://encrypted-tbn1.gstatic.com/shopping?q=tbn:ANd9GcSP1XUYLs0YvLjitBSJsC-LjNs8T900JCu0B637xslLQlqI2JU12o7w1kgUSpNC8ldwYEXCrnUVnreGB2ss6aEGbvaYwem0Wc9i1nJZ_D7JWc3Ch18IQqcaGQ,Unknown,Budget,52.5,
microwave oven convection,KoolMore KM-CWO24-SS 24 in. Stainless Steel Convection Oven with Microwave,931.09,$931.09,,,3.2,11,Home Depot,21,Free delivery,"https://www.google.com/search?ibp=oshop&q=microwave oven convection&prds=catalogid:3798104885197951075,productid:6613040046634118662,headlineOfferDocid:18115613073843500574,imageDocid:17604193778658943574,rds:PC_16539370601971293993|PROD_PC_16539370601971293993,gpcid:16539370601971293993,mid:576462728849334350,pvt:hg&hl=en&gl=us&udm=28",https://encrypted-tbn2.gstatic.com/shopping?q=tbn:ANd9GcRMHPzGwjqSvBaAACUCvP1Vei0PXNdUokwOt6ikET8ENwdKFUeECJoTsI6k0TvVFQHsuGYiNorBo8B09_aStYKay53vwAKoeHxqvS3uwOTFYb6uCKC4yI2fpQ,Unknown,Budget,50.0,
microwave oven convection,"ZLINE Autograph Edition 30"" 1.6 cu Ft. Built-in Convection Microwave Oven",1695.74,"$1,695.74",2100.0,2100.0,4.7,47,Plesser's Appliances,22,Free delivery,"https://www.google.com/search?ibp=oshop&q=microwave oven convection&prds=catalogid:12524169476411993204,productid:1797977338437582279,headlineOfferDocid:18257761206951632014,imageDocid:4132978372736796169,rds:PC_5727550544530499587|PROD_PC_5727550544530499587,gpcid:5727550544530499587,mid:576462873303618989,pvt:hg&hl=en&gl=us&udm=28",https://encrypted-tbn1.gstatic.com/shopping?q=tbn:ANd9GcToHmlcqcU3Gzson80n9N5dg2_y4as37iE96WRb0e4JpOxOZpQd74QCl1_Iy9pvBfTcSKq7nrDf2ActBmBR8VmliFlvpWLOqomov34bAOaKhfJE3MWCb7Gj,Unknown,Mid-Range,47.5,19.25
microwave oven convection,CAFE CAF Smart Countertop Convection/Microwave Oven CCWK15C1WSS,919.0,$919.00,,,3.6,40,Lowe's,23,,"https://www.google.com/search?ibp=oshop&q=microwave oven convection&prds=catalogid:3556780816370080708,productid:14116776183123395695,headlineOfferDocid:1294441195063207653,imageDocid:6881128534428660920,rds:PC_7727312052989569241|PROD_PC_7727312052989569241,gpcid:7727312052989569241,mid:576462561883358656,pvt:hg&hl=en&gl=us&udm=28",https://encrypted-tbn0.gstatic.com/shopping?q=tbn:ANd9GcTNCvDTsTeKzMIn86I0W3r8Hwj_f3MxZvVrSed3Bb2RA6-uVLbJOmChNhh1HyiBqDS_WlFGzd4d7-0PAIqxE4N5ud2Si1ffR41rjIK3Hho,Unknown,Budget,45.0,
microwave oven convection,West Bend 3-in-1 Microwave Air Fry Convection Oven WBAF130K3S,198.43,$198.43,225.0,225.0,4.4,44,Bed Bath & Beyond,24,Free delivery,"https://www.google.com/search?ibp=oshop&q=microwave oven convection&prds=catalogid:13128397742005601343,productid:15435701439681754858,headlineOfferDocid:13424029112278280684,imageDocid:7092218496282022878,rds:PC_13946922581122674803|PROD_PC_13946922581122674803,gpcid:13946922581122674803,mid:576462772078218551,pvt:hg&hl=en&gl=us&udm=28",https://encrypted-tbn2.gstatic.com/shopping?q=tbn:ANd9GcTHg0Z2qU6CIfNn3MSYVawvTbjhDTxK7SWwCG0jc6xBUGX9DZWYi7FggmB27iDCV6sa0v6tMeJfWC--9y9CJcf3HDE9DbqsW36PvPVkHGOO3pyJb--I5bikww,Unknown,Budget,42.5,11.81
microwave oven convection,"Frigidaire 30"" Microwave Combination Oven",2399.99,"$2,399.99",3199.0,3199.0,3.3,3,Best Buy,25,,"https://www.google.com/search?ibp=oshop&q=microwave oven convection&prds=catalogid:15495769024672944799,productid:1397579418377423749,headlineOfferDocid:16959769641815858552,imageDocid:715760965630310346,rds:PC_3719772531908344981|PROD_PC_3719772531908344981,gpcid:3719772531908344981,mid:576462882819362986,pvt:hg&hl=en&gl=us&udm=28",https://encrypted-tbn2.gstatic.com/shopping?q=tbn:ANd9GcRjPvdy5EK7uBsiZ4uQ6lkzZ4rREUhvjHAdKsAJq7dgPtkWwV832wWDldmi3r8-s2LyW9vUopCM0iqtRjuNOf8ARoffXXkb9rNxloCB5Wo,Unknown,Mid-Range,40.0,24.98
microwave oven convection,Samsung 1.2 cu. Ft. Countertop Microwave with Power Convection,569.0,$569.00,649.0,649.0,3.2,662,Samsung,26,,"https://www.google.com/search?ibp=oshop&q=microwave oven convection&prds=catalogid:9823947513138956922,productid:4551199816276539448,headlineOfferDocid:5765201121434683876,imageDocid:12372536259897870368,rds:PC_11902192526947599586|PROD_PC_11902192526947599586,gpcid:11902192526947599586,mid:576462854870011882,pvt:hg&hl=en&gl=us&udm=28",https://encrypted-tbn0.gstatic.com/shopping?q=tbn:ANd9GcRusarR1lLYWl-l0olh_V-0UJv-oAJsfHaZHQ_G4os32WsEvA6dxvoD1z1yXrikn8SnLBN0rIq1I5gH4eHh_mOWF-i-tTesTwKQf-AZxsIxTCCI57gq61d0,Samsung,Budget,37.5,12.33
microwave oven convection,KitchenAid 1000-Watt Convection Microwave,697.0,$697.00,1049.0,1049.0,4.5,2700,St. Louis Appliance Outlet,27,,"https://www.google.com/search?ibp=oshop&q=microwave oven convection&prds=catalogid:18106464049318494476,productid:2885449346516970878,headlineOfferDocid:16311796389490952362,imageDocid:973755589030922605,rds:PC_16509850662096289042|PROD_PC_16509850662096289042,gpcid:16509850662096289042,mid:576462861857521761,pvt:hg&hl=en&gl=us&udm=28",https://encrypted-tbn1.gstatic.com/shopping?q=tbn:ANd9GcQxVGxuodnWaKucVxyY6JPVAfREFXPl5IcAGHZ7dpMFfeemwr8ZXa69dGbkG7AwSxdNINKUsRtUpsNWkeI4--r92M6ap2NmjHnm66BDFLw,Unknown,Budget,35.0,33.56
microwave oven convection,"Frigidaire 30"" Built-In Convection Microwave Oven with Air Fry",1979.0,"$1,979.00",2199.0,2199.0,4.6,31,Home Depot,28,,"https://www.google.com/search?ibp=oshop&q=microwave oven convection&prds=catalogid:10419691525656810992,productid:8492268205137752391,headlineOfferDocid:10331786856433530556,imageDocid:13127344263324776839,rds:PC_2872733346218032791|PROD_PC_2872733346218032791,gpcid:2872733346218032791,mid:576462839715616434,pvt:hg&hl=en&gl=us&udm=28",https://encrypted-tbn3.gstatic.com/shopping?q=tbn:ANd9GcQDSdU9ZGkz-cw_7dneb7LGX1k_tu1Qf_DrxiWR1FOWJBs24dNYXWDuMvSV3L9MJU9jkpVBwtsHoA1r9pxMhPEuMb8kiL_YnUb6BA5EjYM,Unknown,Mid-Range,32.5,10.0
microwave oven convection,Viking 5 Series Convection Microwave Oven VMOC506SS,1929.0,"$1,929.00",,,4.5,32,Ferguson Home,29,Free delivery,"https://www.google.com/search?ibp=oshop&q=microwave oven convection&prds=catalogid:12577955321275563623,productid:13382150710242002968,headlineOfferDocid:7943331272417104003,imageDocid:13194160320962408247,rds:PC_2297554665056071053|PROD_PC_2297554665056071053,gpcid:2297554665056071053,mid:576462433852811666,pvt:hg&hl=en&gl=us&udm=28",https://encrypted-tbn3.gstatic.com/shopping?q=tbn:ANd9GcRpy7MKT0GPP3V71EbgYJL2P7GbGcE-4dxMG8uxeebjAQc_2cd1GT9JBjvIh_nmSP4Ky8Cih9CyBQmTjL6wy52OqKP-PEupCkjqxpGEtNq2onlwaYWJGQkr,Unknown,Mid-Range,30.0,
microwave oven convection,Whirlpool 1.7 Cu ft Over the Range Microwave,249.12,$249.12,360.0,360.0,4.4,23000,Best Buy,30,,"https://www.google.com/search?ibp=oshop&q=microwave oven convection&prds=catalogid:9061927071507067981,productid:8674732765156794139,headlineOfferDocid:11310652505889181240,imageDocid:15299545033540221815,rds:PC_11043719448974232135|PROD_PC_11043719448974232135,gpcid:11043719448974232135,mid:576462820644238607,pvt:hg&hl=en&gl=us&udm=28",https://encrypted-tbn0.gstatic.com/shopping?q=tbn:ANd9GcQJWZdpUZdA7l6k3_hcT_sm9nzWw_BP-O5x8b8Oi8hWDD16TEIn2Ps8G1bFhJH-RYgXzInqFIMU0qbH7n9lU9P7SAhCCiGvIDsNbqzy80WOntbAjMUEowmO,Unknown,Budget,27.500000000000004,30.8
microwave oven convection,Forno Fornace 30-Inch Over the Range Convection Microwave,699.0,$699.00,,,4.6,24,Lowe's,31,Free delivery by Wed,"https://www.google.com/search?ibp=oshop&q=microwave oven convection&prds=catalogid:16987601028190011998,productid:17112821476968585012,headlineOfferDocid:8337688382104515449,imageDocid:15356749233142849990,rds:PC_5439341352685911026|PROD_PC_5439341352685911026,gpcid:5439341352685911026,mid:576462866055596445,pvt:hg&hl=en&gl=us&udm=28",https://encrypted-tbn2.gstatic.com/shopping?q=tbn:ANd9GcQsUNL7_GDtPB3KWeYbgbnK4S3xfizE6atZ6qo5QxbJNSGja4ORQeFixLhppp51oRUpQeAiOMDiwu_jAMFLDD9k7xVyQKKflxvWoPaWGvvULfx99K5JTL0oGg,Unknown,Budget,25.0,
microwave oven convection,"KitchenAid 27"" Built In Microwave Oven with Air Fry",2379.99,"$2,379.99",2468.0,2468.0,2.0,7,Thornberry's Appliance,32,Free delivery by Tue,"https://www.google.com/search?ibp=oshop&q=microwave oven convection&prds=catalogid:2163545454866183920,productid:5712519976173482136,headlineOfferDocid:12579148085750627417,imageDocid:14075787623396086146,rds:PC_3774170438473810806|PROD_PC_3774170438473810806,gpcid:3774170438473810806,mid:576462832932474253,pvt:hg&hl=en&gl=us&udm=28",https://encrypted-tbn2.gstatic.com/shopping?q=tbn:ANd9GcRAXDLoMf7s7KLLv-wLUG8Cu3l0zZr3Zov73Snn0s-meQAb3ReFCF3YnTBAMp93JoYIFNsuW7ovprfqtrc73iXHI9-qwSbuPKnf4ftnRNZbPEKflNaMU6vNGA,Unknown,Mid-Range,22.5,3.57
microwave oven convection,GE Profile 1.7 Cu. Ft. Convection Over-the-Range Microwave Oven pvm9179ryss,727.0,$727.00,807.0,807.0,4.2,1500,Orville's Home Appliances,33,,"https://www.google.com/search?ibp=oshop&q=microwave oven convection&prds=catalogid:16013679077691365567,productid:8909731744403353499,headlineOfferDocid:18133140276981793192,imageDocid:14721962857320157855,rds:PC_7228584543564349194|PROD_PC_7228584543564349194,gpcid:7228584543564349194,mid:576462898592740137,pvt:hg&hl=en&gl=us&udm=28",https://encrypted-tbn3.gstatic.com/shopping?q=tbn:ANd9GcQY_upC86sXR2LjOefCDzdwgYqBV_za_xUWLTKDyGLF65BmzhszmbnwC3LeIRNb8i-BE69mOUWJOaTA-dxp-pvOpENewlAXBrozf7BQq1E_,Unknown,Budget,20.0,9.91
microwave oven convection,"Forno 24"" Built-In Microwave Oven FMWDR3093-24",999.0,$999.00,1699.0,1699.0,4.0,66,Home Depot,34,,"https://www.google.com/search?ibp=oshop&q=microwave oven convection&prds=catalogid:1702605331752676155,productid:2398708520823096322,headlineOfferDocid:5706856006969035677,imageDocid:6363327407635745688,rds:PC_2052021601143015287|PROD_PC_2052021601143015287,gpcid:2052021601143015287,pvt:hg&hl=en&gl=us&udm=28",https://encrypted-tbn0.gstatic.com/shopping?q=tbn:ANd9GcQiOFFpKpdxkIle-qsBYbcgYJyz3xxvWs0AJOIsjUYA8i8xZJnQ1Z9N2H62h4TRjg-GdXjTrW9gsRqHnh-nf4LUPcpnQRf3fnYPRZnZ-4iOVgOjVB71s30dSw,Unknown,Budget,17.5,41.2
microwave oven convection,LG 1.7 Cu. Ft. Smart Built-In Microwave Speed Oven MZBZ1715S,2499.99,"$2,499.99",3700.0,3700.0,3.7,58,Best Buy,35,,"https://www.google.com/search?ibp=oshop&q=microwave oven convection&prds=catalogid:93247674039742937,productid:17254842988118880837,headlineOfferDocid:4539358801278629773,imageDocid:453187562394506657,rds:PC_18255829586587827157|PROD_PC_18255829586587827157,gpcid:18255829586587827157,mid:576462777425638428,pvt:hg&hl=en&gl=us&udm=28",https://encrypted-tbn1.gstatic.com/shopping?q=tbn:ANd9GcT9JXVzYzfYCB7aJMNF5GX72kA-09fisk2q7Eyy-65QQ6gzl5Oz0mEgwFhIj9mAQMOjXLpAJtqBJLiGDOzUap-8QIliTbDsgKOBE2_Eb1T6qcsf-nArJ6rylA,LG,Mid-Range,15.0,32.43
microwave oven convection,"KitchenAid 30"" Built In Microwave Oven KMBP100EBS",2183.55,"$2,183.55",2558.0,2558.0,4.0,640,Park Avenue Appliance,36,Free delivery,"https://www.google.com/search?ibp=oshop&q=microwave oven convection&prds=catalogid:8273306535667644088,productid:602759039799288180,headlineOfferDocid:9616339725433459295,imageDocid:6060317768543765175,rds:PC_6916733897896250714|PROD_PC_6916733897896250714,gpcid:6916733897896250714,mid:576462689997921397,pvt:hg&hl=en&gl=us&udm=28",https://encrypted-tbn3.gstatic.com/shopping?q=tbn:ANd9GcR9JKNld0sGEeN-dJe2PyM4CjjcE00-e7IzUk4Y9ZxnQbHPtImga6Cz3LpZXhUFTdNOyEpExdKXAv6cbwPo0WAAv8n073y0HHUvo97H3cRgX8kpsPXQpysz,Unknown,Mid-Range,12.5,14.64
microwave oven convection,Greystone 1.1 Cu. Ft. Built-In Convection Microwave 2022302118,421.95,$421.95,,,4.0,2,Furrion,37,,"https://www.google.com/search?ibp=oshop&q=microwave oven convection&prds=catalogid:16235983482365058667,productid:13918300902544979780,headlineOfferDocid:10903547811248298050,imageDocid:14799412094541111164,rds:PC_11512995886020464934|PROD_PC_11512995886020464934,gpcid:11512995886020464934,mid:576462713730017789,pvt:hg&hl=en&gl=us&udm=28",https://encrypted-tbn0.gstatic.com/shopping?q=tbn:ANd9GcRRZaBa1GMdCsdJQOl418Ch_wdI413O_v3Ix6vDfxvwyZ-YF_GjCaBXpDjEYo4tEfArPfKSCzK74ugy_jK9eG6jdIRDGVIfRb731Zmc1z3jJQRHt9Txp4Z3,Unknown,Budget,10.0,
microwave oven convection,FORNO Oliena 30 Inch 1750 Watt Compact Oven,1199.0,"$1,199.00",,,4.3,156,NFM,38,,"https://www.google.com/search?ibp=oshop&q=microwave oven convection&prds=catalogid:1227755165488024311,productid:7565394171667973690,headlineOfferDocid:7504719767218009989,imageDocid:5286077076443726257,rds:PC_2118613683492382521|PROD_PC_2118613683492382521,gpcid:2118613683492382521,mid:576462557567852562,pvt:hg&hl=en&gl=us&udm=28",https://encrypted-tbn1.gstatic.com/shopping?q=tbn:ANd9GcTvES4bPZYIxR66cNDyXOW7vDPHkw20L3AvAvCw_OK5XJY-7gZFGeJ2aTb7lMTtU0UxLQ_Vgnj805JJjwhq7-__W42vOgl9MwWvhfESjOdvu_SKbEsX7Mof4A,Unknown,Mid-Range,7.5,
microwave oven convection,Frigidaire Professional 1.8 Cu. Ft. 2-in-1 Over-The-Range Convection Microwave,699.95,$699.95,780.0,780.0,4.2,815,Washburn's Home Furnishings,39,,"https://www.google.com/search?ibp=oshop&q=microwave oven convection&prds=catalogid:4947351987507160780,productid:2440461221849395395,headlineOfferDocid:13169667697416399442,imageDocid:31948908040309676,rds:PC_15038600793942908213|PROD_PC_15038600793942908213,gpcid:15038600793942908213,mid:576462821475810240,pvt:hg&hl=en&gl=us&udm=28",https://encrypted-tbn0.gstatic.com/shopping?q=tbn:ANd9GcTb9zPf8FM0BX-_hfTsP4PbL4-Dk4Im9EMqUsbfPZf9owsaN2HJiRmeLYty6N0gIuUBpgJJGr6NfP2RnjwAZTdhYI_3sV1c5A3AeX0-SJY,Unknown,Budget,5.0,10.26
microwave oven convection,Fisher & Paykel Convection Microwave Oven,1149.0,"$1,149.00",,,3.7,7,Best Buy,40,,"https://www.google.com/search?ibp=oshop&q=microwave oven convection&prds=catalogid:16833094493084251259,productid:3404765881185077902,headlineOfferDocid:6821638469899692745,imageDocid:7934288915409593092,rds:PC_2542184941400327120|PROD_PC_2542184941400327120,gpcid:2542184941400327120,mid:576462433888281018,pvt:hg&hl=en&gl=us&udm=28",https://encrypted-tbn0.gstatic.com/shopping?q=tbn:ANd9GcRBK7oZvzWIxyj6lWRo0W5yzkCMiEYsPuD3c0agV_YDQJeWYuHoFx3TZdjU6SS3INCCLGcJ1DhSogM7flqa0Zm4cbz552t8wB7F5wSe1pdZ,Unknown,Mid-Range,2.5,
air fryer India,Prestige Nutrifry Digital Air Fryer 4.5L,39.22,$39.22,,,4.5,41,Ysvara Lifestyle,1,,"https://www.google.com/search?ibp=oshop&q=air fryer India&prds=catalogid:1386615334404136554,productid:7443257122163665592,headlineOfferDocid:17640136696673548485,imageDocid:5362477164164258166,rds:PC_14065747890602840882|PROD_PC_14065747890602840882,gpcid:14065747890602840882,mid:576462853410696036,pvt:hg&hl=en&gl=us&udm=28",https://encrypted-tbn2.gstatic.com/shopping?q=tbn:ANd9GcSksBTQoOQB7aT3o7a8z4kkhlf5LyCj5tuIEhFEz4uIDsNMbLyntgrC4mnzu4-5V_uNcmEMkss,Unknown,Budget,100.0,
air fryer India,Mainstays 2.2 Air Fryer,19.98,$19.98,43.0,43.0,4.3,1400,Walmart,2,,"https://www.google.com/search?ibp=oshop&q=air fryer India&prds=catalogid:9072939910090084420,productid:1487872812586058835,headlineOfferDocid:2937567480122880358,imageDocid:14589605053136359981,rds:PC_5961847025112641569|PROD_PC_5961847025112641569,gpcid:5961847025112641569,mid:576462840846114932,pvt:hg&hl=en&gl=us&udm=28",https://encrypted-tbn1.gstatic.com/shopping?q=tbn:ANd9GcQHrKFm9IkjCX_YwCWW5Hd8n6xAesnlQ_RteIugUYlLzYiXfa6H0xU2Giu6P65R7-0I4YIFi-dS,Unknown,Budget,97.5,53.53
air fryer India,Pigeon Healthifry Digital Air Fryer 360° High Speed Air Circulation Technology 1200 W with Non-Stick 4.2 L Basket,175.71,$175.71,202.0,202.0,4.0,309,Pushmycart,3,Free delivery,"https://www.google.com/search?ibp=oshop&q=air fryer India&prds=catalogid:2303496371300962586,productid:277098101005330311,headlineOfferDocid:101770571596546551,imageDocid:12616319978818206231,rds:PC_15106669795441101067|PROD_PC_15106669795441101067,gpcid:15106669795441101067,mid:576462441101116096,pvt:hg&hl=en&gl=us&udm=28",https://encrypted-tbn3.gstatic.com/shopping?q=tbn:ANd9GcRgPfTHJmjyEYM1GWdoHtgsVr_1J5SUpop-36Djs-e_TFCdDAPA943dbI14i-4c95usxkH1SF3Q,Unknown,Budget,95.0,13.01
air fryer India,Typhur Sync 8QT AI Smart Air Fryer,159.0,$159.00,219.0,219.0,4.6,78,Typhur,4,Free delivery,"https://www.google.com/search?ibp=oshop&q=air fryer India&prds=catalogid:4894413453082357370,productid:3690404049852658762,headlineOfferDocid:3541245744684107644,imageDocid:1962265077699137985,rds:PC_8978300676950568444|PROD_PC_8978300676950568444,gpcid:8978300676950568444,mid:576462523861739685,pvt:hg&hl=en&gl=us&udm=28",https://encrypted-tbn1.gstatic.com/shopping?q=tbn:ANd9GcTWD70IrHzMdoqlV6Oy5aLrQeLeQknaEmMEvRKylkropkZz4lFWv_2cGQbZvudCpvRBIJDO68A,Unknown,Budget,92.5,27.4
air fryer India,Philips Air Fryer NA120/00,48.52,$48.52,,,4.8,2100,Ysvara Lifestyle,5,,"https://www.google.com/search?ibp=oshop&q=air fryer India&prds=catalogid:15109641018332211582,productid:11009132316026003101,headlineOfferDocid:11094115460348002924,imageDocid:6938919994415486821,rds:PC_17901114010534337438|PROD_PC_17901114010534337438,gpcid:17901114010534337438,mid:576462874924442167,pvt:hg&hl=en&gl=us&udm=28",https://encrypted-tbn1.gstatic.com/shopping?q=tbn:ANd9GcSsWSDgzKOocOravTLz3rC1ch_Mgzel1iF4rZ2Co-H-BX_XXtaGz9rjQ1w9-gVVrky6s0PEESVx,Philips,Budget,90.0,
air fryer India,Gourmia Digital Air Fryer 3qt with Guided Cooking Prompts,34.99,$34.99,40.0,40.0,3.8,183,Target,6,Free delivery on $35+,"https://www.google.com/search?ibp=oshop&q=air fryer India&prds=catalogid:15412368370717956582,productid:10540120507517299633,headlineOfferDocid:5623854420263101811,imageDocid:17758871525061989276,rds:PC_2492801889863032972|PROD_PC_2492801889863032972,gpcid:2492801889863032972,mid:576462796846278307,pvt:hg&hl=en&gl=us&udm=28",https://encrypted-tbn3.gstatic.com/shopping?q=tbn:ANd9GcTpLTNu3ntDGGP3eIZ-dVAQkaFsrCLSWiXB-ne2uzztiFgKDGPEmDPRQi-vSdyiyPcP6SpJrQM,Unknown,Budget,87.5,12.52
air fryer India,Havells Prolife Neo 4.5 L Air Fryer,62.58,$62.58,,,4.6,8,Ysvara Lifestyle,7,,"https://www.google.com/search?ibp=oshop&q=air fryer India&prds=catalogid:421903243134181510,productid:2080955355307634868,headlineOfferDocid:4289562903321824053,imageDocid:14820611678367792567,rds:PC_1097656734209693766|PROD_PC_1097656734209693766,gpcid:1097656734209693766,mid:576462854596329549,pvt:hg&hl=en&gl=us&udm=28",https://encrypted-tbn3.gstatic.com/shopping?q=tbn:ANd9GcTL_q76Y-4NQ-xaW6YJ25FnJV9TbLWaYxcguGCZkFfFHnEW0N-K3xmey8HLPb7xjlPzPwSn8iQ,Unknown,Budget,85.0,
air fryer India,Wonderchef Caruso Digital Air Fryer,550.0,$550.00,,,,,buyIndianKitchen,8,Free delivery,"https://www.google.com/search?ibp=oshop&q=air fryer India&prds=catalogid:265928765202632313,productid:16916670236611040911,headlineOfferDocid:2338329022809338965,imageDocid:14874961017748507007,gpcid:1960730768696258473,mid:576462850314098510,pvt:hg&hl=en&gl=us&udm=28",https://encrypted-tbn3.gstatic.com/shopping?q=tbn:ANd9GcTAh5Vs3igTgeD71XFaSIYRxg3cjY93nxIpY6lLN4p_s85VykFUNSbFdSbmad64_a9lrCKxVic1,Unknown,Budget,82.5,
air fryer India,KENT 16096 Classic Hot Air Fryer 4L 1300 W 80% Less Oil Instant Electric Air Fryer,31.4,$31.40,,,5.0,4,Ysvara Lifestyle,9,,"https://www.google.com/search?ibp=oshop&q=air fryer India&prds=catalogid:802384229748037260,productid:8728295839204587399,headlineOfferDocid:12043811537949973047,imageDocid:4618680722021117789,rds:PC_8851815094554391557|PROD_PC_8851815094554391557,gpcid:8851815094554391557,mid:576462712641504579,pvt:hg&hl=en&gl=us&udm=28",https://encrypted-tbn1.gstatic.com/shopping?q=tbn:ANd9GcRy46HlWjTtQO8vvbxEpaYX3hCTdxI3EPQCO4hcmhrXtoT2YdbL4eWHhPJPzeh2hlpBvPCj9YI1,Unknown,Budget,80.0,
air fryer India,Bella Slim Air Fryer,49.99,$49.99,60.0,60.0,4.2,462,Target,10,Free delivery by Thu,"https://www.google.com/search?ibp=oshop&q=air fryer India&prds=catalogid:3689906223508541616,productid:8777041688329430993,headlineOfferDocid:12030097298489589145,imageDocid:11020155165379996279,rds:PC_8390938982706225338|PROD_PC_8390938982706225338,gpcid:8390938982706225338,mid:576462492057474213,pvt:hg&hl=en&gl=us&udm=28",https://encrypted-tbn3.gstatic.com/shopping?q=tbn:ANd9GcS37dicsf_HQXaDI8biZvXJ-3UVZ5sCY-1JWeSHH9E44FBnKe3Ql22_s82rIFM-GS8eYRi-JEQ,Unknown,Budget,77.5,16.68
air fryer India,Chefman TurboFry Touch Digital Air Fryer,59.98,$59.98,,,4.4,2800,Walmart,11,Free next-day delivery,"https://www.google.com/search?ibp=oshop&q=air fryer India&prds=catalogid:7352380319898053076,productid:9472631314134445222,headlineOfferDocid:9402528397528382139,imageDocid:17478355244721882612,rds:PC_7108477748654269282|PROD_PC_7108477748654269282,gpcid:7108477748654269282,mid:576462816666510655,pvt:hg&hl=en&gl=us&udm=28",https://encrypted-tbn0.gstatic.com/shopping?q=tbn:ANd9GcSpq5U6nsMncVTWQLNoAO6JNWisn20-DD3Sjpie2UQm5srmi_SN8iLX2sRmnQ,Unknown,Budget,75.0,
air fryer India,Ninja Crispi Pro 6-in-1 Countertop Glass Air Fryer,299.0,$299.00,,,4.6,328,Lowe's,12,Free delivery by Wed,"https://www.google.com/search?ibp=oshop&q=air fryer India&prds=catalogid:4678357141204030589,productid:16244620250167039452,headlineOfferDocid:4628342549740971613,imageDocid:6249153471698087552,rds:PC_13270780751210648607|PROD_PC_13270780751210648607,gpcid:13270780751210648607,mid:576462849580019957,pvt:hg&hl=en&gl=us&udm=28",https://encrypted-tbn0.gstatic.com/shopping?q=tbn:ANd9GcQkL48Dvg0V0y-P8_AK44ns1lTE-AM6igJZoU_ND9h87t4SLqOIbEGYQfGHiNEzGV78pjlG4Qfd,Unknown,Budget,72.5,
air fryer India,Faber Air Fryer Oven 20L,102.08,$102.08,,,,,Ysvara Lifestyle,13,,"https://www.google.com/search?ibp=oshop&q=air fryer India&prds=catalogid:4423765260580629082,productid:18439410547738934908,headlineOfferDocid:13241551144711065872,imageDocid:9167113597814633333,gpcid:917570780935912304,mid:576462796573681671,pvt:hg&hl=en&gl=us&udm=28",https://encrypted-tbn1.gstatic.com/shopping?q=tbn:ANd9GcT0ECKiUpF0eQh7gU6mrxGhR1A-qu6X32rpgWc4VeIjhkS8Q9OE6uU-sP-zWQ,Unknown,Budget,70.0,
air fryer India,Beautiful 6 Quart Touchscreen Air Fryer,27.6,$27.60,,,4.6,2900,ravir.de,14,,"https://www.google.com/search?ibp=oshop&q=air fryer India&prds=catalogid:13046262844495288114,productid:13359814710485767875,headlineOfferDocid:1360785950784956868,imageDocid:6716196177037834281,rds:PC_6773578944642498991|PROD_PC_6773578944642498991,gpcid:6773578944642498991,mid:576462897659133196,pvt:hg&hl=en&gl=us&udm=28",https://encrypted-tbn2.gstatic.com/shopping?q=tbn:ANd9GcSO9mtaGS0FZ5y89zTTWufo9FTTYJRALsZcGzpbLyRK2F9ZrsqHPQT38ZWvd64HyAlWTkU7RnQE,Unknown,Budget,67.5,
air fryer India,"Prestige Nutrifry Electric Digital Air Fryer| 80% less Oil Consumption|4.5L Capacity |1200 Watts Power|Fry,Grill,Roast,Bake,Reheat|Digital Display",36.64,$36.64,,,4.5,41,Velan Store,15,,"https://www.google.com/search?ibp=oshop&q=air fryer India&prds=productid:3298623397084305326,headlineOfferDocid:3298623397084305326,imageDocid:9677339940436492462,rds:PC_14065747890602840882|PROD_PC_14065747890602840882,pvt:hg&hl=en&gl=us&udm=28",https://encrypted-tbn2.gstatic.com/shopping?q=tbn:ANd9GcS8TR_QGjrkO8II9lRL04PauQ9kwDyXUqDISLTDezhuT2uCmoMcqkNQaA9CHnfoJrfW5NMBC7o,Unknown,Budget,65.0,
air fryer India,Gourmia 6-Quart Digital Air Fryer,67.99,$67.99,90.0,90.0,4.4,738,Kohl's,16,Free delivery,"https://www.google.com/search?ibp=oshop&q=air fryer India&prds=catalogid:7180797135891140365,productid:6539271910064468120,headlineOfferDocid:10118824593678508971,imageDocid:8701872868665327256,rds:PC_14653781388882929101|PROD_PC_14653781388882929101,gpcid:14653781388882929101,mid:576462853243339823,pvt:hg&hl=en&gl=us&udm=28",https://encrypted-tbn2.gstatic.com/shopping?q=tbn:ANd9GcSrO1PeyB8sQ5iSE7EuXoB0j6QlyGuhZjxDZcb2cdkQAyCuBRgTuXm59ynjbseDAccF3n5Kz4E,Unknown,Budget,62.5,24.46
air fryer India,Morphy Richards 5L Digital Air Fryer,64.99,$64.99,,,3.9,10,Ysvara Lifestyle,17,,"https://www.google.com/search?ibp=oshop&q=air fryer India&prds=catalogid:15854377668794996070,productid:16086394222824602520,headlineOfferDocid:7446820978062678125,imageDocid:6783235902906137832,rds:PC_14723125567667507883|PROD_PC_14723125567667507883,gpcid:14723125567667507883,mid:576462737720322659,pvt:hg&hl=en&gl=us&udm=28",https://encrypted-tbn0.gstatic.com/shopping?q=tbn:ANd9GcTUSrfoXRYOFDyDu4zFSjz60CCe9EiDYP8Zbn0NXL7d0R9G14AdTjYjcRKYfJ1a8Psmnpvlv74MtA,Unknown,Budget,60.0,
air fryer India,19qt Air Fryer Toaster Oven,65.99,$65.99,119.0,119.0,3.9,166,Walmart - Ecohom,18,Free delivery,"https://www.google.com/search?ibp=oshop&q=air fryer India&prds=catalogid:17943695647735976792,productid:6861449074875970452,headlineOfferDocid:1466317093464829615,imageDocid:16798287734797413832,rds:PC_2157052390958681047|PROD_PC_2157052390958681047,gpcid:2157052390958681047,mid:576462862864075663,pvt:hg&hl=en&gl=us&udm=28",https://encrypted-tbn0.gstatic.com/shopping?q=tbn:ANd9GcRC-x_9gySYDSG1h212aaUzsFkH9tdX-OHE-Nof7hL10PCTpdyUSXuLBUfkW3HDwHtMX8xWdbtK,Unknown,Budget,57.49999999999999,44.55
air fryer India,Ninja Crispi 4-in-1 Portable Glass Air Fryer Cooking System,159.99,$159.99,180.0,180.0,4.6,1400,Best Buy,19,Free delivery by Mon,"https://www.google.com/search?ibp=oshop&q=air fryer India&prds=catalogid:1984799271683239353,productid:12783340285993903647,headlineOfferDocid:2412245905867524704,imageDocid:9002199889080784409,rds:PC_6792084167119306695|PROD_PC_6792084167119306695,gpcid:6792084167119306695,mid:576462563266620663,pvt:hg&hl=en&gl=us&udm=28",https://encrypted-tbn1.gstatic.com/shopping?q=tbn:ANd9GcS8mE2FEGWxbb6oei8JvpRn8MfcsXQdfSUVti1jevR9TX7X0fZgS7TKh32vebdRWrv0IYeGK8IA,Unknown,Budget,55.00000000000001,11.12
air fryer India,Inalsa Air Fryer Tasty Fry DW 5.5,52.34,$52.34,,,,,Ysvara Lifestyle,20,,"https://www.google.com/search?ibp=oshop&q=air fryer India&prds=catalogid:1887577906395395086,productid:4362827529165926577,headlineOfferDocid:7040189675811589030,imageDocid:9620773122082194559,gpcid:7142297364798056343,mid:576462771342633563,pvt:hg&hl=en&gl=us&udm=28",https://encrypted-tbn3.gstatic.com/shopping?q=tbn:ANd9GcQDEohR1K_xijkPY_q6V-IrdUNwS-mBv6jhcbo8BPhHnEjVUN86a3-KLHUSkjN3atGivSct2-1K,Unknown,Budget,52.5,
air fryer India,Sweetcrispy 3-Quart Compact White Digital Air Fryer,39.99,$39.99,60.0,60.0,,,Lowe's,21,Free delivery,"https://www.google.com/search?ibp=oshop&q=air fryer India&prds=catalogid:13662116439175754461,productid:10093093217055227657,headlineOfferDocid:53378743476413566,imageDocid:1633340494487574485,gpcid:6793566663545770971,pvt:hg&hl=en&gl=us&udm=28",https://encrypted-tbn1.gstatic.com/shopping?q=tbn:ANd9GcQNdYBNUqY1s-Hzf1hFA2Mt5VL9kdziZQSvn1BdeUtjBdjOjr3k5UW-izxlmYPnFTTgUx3uuV1i,Unknown,Budget,50.0,33.35
air fryer India,"Evita Digital Air Fryer, 1600W, 6.5 L, Rapid Hot Air Technology, 10 Pre-set Menus, Non-stick Basket, In-built Memory, Customised Time & Temperature",56.53,$56.53,,,,,Velan Store,22,,"https://www.google.com/search?ibp=oshop&q=air fryer India&prds=productid:13745888038741961346,headlineOfferDocid:13745888038741961346,imageDocid:9339776386828660137,pvt:hg&hl=en&gl=us&udm=28",https://encrypted-tbn1.gstatic.com/shopping?q=tbn:ANd9GcR1kcALra84nLdq0d5gJ-4q4L1PhdjwCAeI0Yrw8XyEDSZOINh_q5JJba_4JDjf_8Gqdd08nog,Unknown,Budget,47.5,
air fryer India,Mainstays 8 Qt Air Fryer,49.0,$49.00,,,3.9,304,Walmart,23,Free delivery by Tue,"https://www.google.com/search?ibp=oshop&q=air fryer India&prds=catalogid:2197525889922802117,productid:407974285450623915,headlineOfferDocid:3734886453861825140,imageDocid:8065764859329389444,rds:PC_14000012404159460279|PROD_PC_14000012404159460279,gpcid:14000012404159460279,mid:576462857131346665,pvt:hg&hl=en&gl=us&udm=28",https://encrypted-tbn0.gstatic.com/shopping?q=tbn:ANd9GcRAzN3yb-Q6o8bRMWFtxPiyYVJzzRUOmej6jWuemb_RdqLIKPzWgEzwqKDTAsauTEUAbZXpqDM,Unknown,Budget,45.0,
air fryer India,Philips 2000 Series Air Fryer NA221/00,81.46,$81.46,,,4.8,2600,Ysvara Lifestyle,24,,"https://www.google.com/search?ibp=oshop&q=air fryer India&prds=catalogid:6663060252711578415,productid:7588586571986324552,headlineOfferDocid:15360011757218156364,imageDocid:11373182532576422359,rds:PC_2205278441998911463|PROD_PC_2205278441998911463,gpcid:2205278441998911463,mid:576462484025114396,pvt:hg&hl=en&gl=us&udm=28",https://encrypted-tbn3.gstatic.com/shopping?q=tbn:ANd9GcSXs69hoC0qdU6-zq5HamxN7PGTUyC6SJo8C1LugcdIxWBBN-D70SQy3NCdSSnOZknQGalBTLFk,Philips,Budget,42.5,
air fryer India,Midea HeatXpress Air Fryer Oven,64.76,$64.76,,,4.2,155,Sam's Club,25,,"https://www.google.com/search?ibp=oshop&q=air fryer India&prds=catalogid:14797032803562398888,productid:9566262134533905754,headlineOfferDocid:14814244822077395033,imageDocid:11781111446770174141,rds:PC_5301013941249382323|PROD_PC_5301013941249382323,gpcid:5301013941249382323,mid:576462828109577063,pvt:hg&hl=en&gl=us&udm=28",https://encrypted-tbn1.gstatic.com/shopping?q=tbn:ANd9GcSzifqjmcC6GEWagrn93txcjQlymYfmL8c7mQo2lHb5XI8OdVBZDS3daw1lN76Paf76Za6uOFxJ,Unknown,Budget,40.0,
air fryer India,Instant Pot VORTEX 4-Qt. Mini Air Fryer,69.99,$69.99,90.0,90.0,4.5,185,Kohl's,26,Free delivery,"https://www.google.com/search?ibp=oshop&q=air fryer India&prds=catalogid:2026374150270404581,productid:13731337802156590111,headlineOfferDocid:4562780409348021172,imageDocid:17959315337313743040,rds:PC_8097917057865509108|PROD_PC_8097917057865509108,gpcid:14285460198562239056,mid:576462782333760460,pvt:hg&hl=en&gl=us&udm=28",https://encrypted-tbn0.gstatic.com/shopping?q=tbn:ANd9GcTNFJcuiEPn3utMIHIl3VLVpG_tUdFipPAfIMYU00w8u8VQvUHnE5_w1Q8erAxzUQYmaz961G_0,Unknown,Budget,37.5,22.23
air fryer India,Breville Smart Oven Air Fryer,349.95,$349.95,,,4.5,5000,Crate & Barrel,27,Free delivery,"https://www.google.com/search?ibp=oshop&q=air fryer India&prds=catalogid:3500724385871621377,productid:4812568551995080880,headlineOfferDocid:7864559167061768217,imageDocid:1065640110078453462,rds:PC_1030972101975564042|PROD_PC_1030972101975564042,gpcid:1030972101975564042,mid:576462810695579580,pvt:hg&hl=en&gl=us&udm=28",https://encrypted-tbn2.gstatic.com/shopping?q=tbn:ANd9GcQfnm5YnXuDMr_0oF3f7kET_1jBkmmCyQelp170SdElieNRrkqfrpaz9JJ2QzddWH98FL0SqqA,Unknown,Budget,35.0,
air fryer India,Philips 3000 Series Airfryer HD9252/70,82.3,$82.30,,,4.4,943,Ysvara Lifestyle,28,,"https://www.google.com/search?ibp=oshop&q=air fryer India&prds=catalogid:15227742849334739293,productid:11975291721914183633,headlineOfferDocid:14170129194471505742,imageDocid:10939293844105586303,rds:PC_10343581736053471749|PROD_PC_10343581736053471749,gpcid:10343581736053471749,mid:576462892658160970,pvt:hg&hl=en&gl=us&udm=28",https://encrypted-tbn3.gstatic.com/shopping?q=tbn:ANd9GcQeawS9ieETjk6ea0ncR5n4FRYmWIS3zCwylVTF0esG6ld4JZco4egwqcaHqHWR-k7q2JtkxSiM,Philips,Budget,32.5,
air fryer India,Black+Decker Crisp ‘N Bake Pro 4-Slice Air Fry Toaster Oven,45.96,$45.96,,,4.1,795,Walmart,29,Free next-day delivery,"https://www.google.com/search?ibp=oshop&q=air fryer India&prds=catalogid:14925138371783994535,productid:7183373343364984473,headlineOfferDocid:15261619616333348729,imageDocid:20696546580620843,rds:PC_7074330691562330211|PROD_PC_7074330691562330211,gpcid:7074330691562330211,mid:576462858234904856,pvt:hg&hl=en&gl=us&udm=28",https://encrypted-tbn3.gstatic.com/shopping?q=tbn:ANd9GcQdZsgQRWNGPwBiUjX_8R-9GR1MQ6hSubkiUtww1rnKz9aIlQP19XKcNgcn1SiaPCX8VYGnky0,Unknown,Budget,30.0,
air fryer India,Bella PRO 4-qt. Touchscreen Slim Air Fryer,59.99,$59.99,70.0,70.0,4.8,582,Best Buy,30,Free delivery by Sun,"https://www.google.com/search?ibp=oshop&q=air fryer India&prds=catalogid:13604467834388720642,productid:18405363871309523874,headlineOfferDocid:15058002645499757599,imageDocid:15020445738740554918,rds:PC_10603934353607454724|PROD_PC_10603934353607454724,gpcid:10603934353607454724,mid:576462842102056725,pvt:hg&hl=en&gl=us&udm=28",https://encrypted-tbn2.gstatic.com/shopping?q=tbn:ANd9GcTa4Lnm7pjRIFSgAHKO8qxU4GeQwpmX17f9csUtypj-sKDHhXx04pg7p1IZuQ4,Unknown,Budget,27.500000000000004,14.3
air fryer India,Cosori Dual Blaze Smart Air Fryer,129.0,$129.00,,,4.8,1500,Lowe's,31,Free delivery by Wed,"https://www.google.com/search?ibp=oshop&q=air fryer India&prds=catalogid:3878054096873137106,productid:6217382107402166912,headlineOfferDocid:10078894751967415060,imageDocid:9874665863803695033,rds:PC_11447677411451238678|PROD_PC_11447677411451238678,gpcid:11447677411451238678,mid:576462502009029189,pvt:hg&hl=en&gl=us&udm=28",https://encrypted-tbn1.gstatic.com/shopping?q=tbn:ANd9GcTSlQ0t5RdNEtTmUvijfA9A1DRZFXA5vS7sDfTGF_TBOEgrb7iHw2UzSb29XF3AaVeYhOZtjYmg,Unknown,Budget,25.0,
air fryer India,"Pigeon by Stovekraft Air Fryer Oven 12L | 1800W | 2-in-1 Appliance - AirfryerOTG | Digital Touchscreen | 9 Preset Menu | Air Fry, Bake, Broil, Toast,",75.38,$75.38,,,,,Velan Store,32,,"https://www.google.com/search?ibp=oshop&q=air fryer India&prds=productid:15742376909144568907,headlineOfferDocid:15742376909144568907,imageDocid:3368039219497140874,pvt:hg&hl=en&gl=us&udm=28",https://encrypted-tbn2.gstatic.com/shopping?q=tbn:ANd9GcQyAVytFdzNF9yknhJUvBLGTi2x9XVBVR73KIX3t9MMGU0rfyjoI5UgzXP6khD8JxJjCVKNDy9Brg,Unknown,Budget,22.5,
air fryer India,Buy Philips Analog 4.1 Ltr Airfryer with Rapid Air Technology,54.96,$54.96,,,,,Ysvara Lifestyle,33,,"https://www.google.com/search?ibp=oshop&q=air fryer India&prds=catalogid:11321400232016143996,productid:14689084222261617601,headlineOfferDocid:15739274657349642043,imageDocid:1910406666174284346,gpcid:1593180596014369758,pvt:hg&hl=en&gl=us&udm=28",https://encrypted-tbn2.gstatic.com/shopping?q=tbn:ANd9GcTNRROp-DCviTonr1ZaQASW4riKy-97DMamfOwndV7zbfuHmxEseBnTG4e4TBlhqmR41Vi_vc4I,Philips,Budget,20.0,
air fryer India,Chefman TurboFry Touch Air Fryer,33.0,$33.00,80.0,80.0,4.5,996,ravir.de,34,,"https://www.google.com/search?ibp=oshop&q=air fryer India&prds=catalogid:12994539871640655955,productid:2816054866825653655,headlineOfferDocid:10466613248301228247,imageDocid:2472586447305674292,rds:PC_2091390314401632222|PROD_PC_2091390314401632222,gpcid:2091390314401632222,pvt:hg&hl=en&gl=us&udm=28",https://encrypted-tbn0.gstatic.com/shopping?q=tbn:ANd9GcR59ADfc6vTjqKbmCHpjOK5eF_ld7Cw8UU6oepftVofMJB_UM1X4dAOxdDs6ynuzP0CrvNwWVY,Unknown,Budget,17.5,58.75
air fryer India,DASH Tasti-Crisp Electric Air Fryer Oven Cooker,49.99,$49.99,,,4.6,1000,Dash,35,Free delivery,"https://www.google.com/search?ibp=oshop&q=air fryer India&prds=catalogid:8149283323033879498,productid:5178449838112789443,headlineOfferDocid:16496150524727523913,imageDocid:8324442152869872800,rds:PC_3144794688433554613|PROD_PC_3144794688433554613,gpcid:3144794688433554613,mid:576462543146931768,pvt:hg&hl=en&gl=us&udm=28",https://encrypted-tbn0.gstatic.com/shopping?q=tbn:ANd9GcSsKcyh89xsw1Afzc1rYG_XSaJk8gvPx9-zv39FG0zQpG8pZKdA5J1o6U3_-tyjoJgIvfrisOc,Unknown,Budget,15.0,
air fryer India,MegaChef Multipurpose Countertop Halogen Oven Air Fryer/Rotisserie,59.99,$59.99,,,4.2,236,Walmart - Newegg Inc.,36,Free delivery,"https://www.google.com/search?ibp=oshop&q=air fryer India&prds=catalogid:5038701841369089576,productid:8050671605666713398,headlineOfferDocid:6764865284286106814,imageDocid:11610237387983205021,rds:PC_10763074989043138266|PROD_PC_10763074989043138266,gpcid:10763074989043138266,mid:576462804145558775,pvt:hg&hl=en&gl=us&udm=28",https://encrypted-tbn1.gstatic.com/shopping?q=tbn:ANd9GcTODShb7h3Ap7MDQnEOzkcCSf-UH2NCuFOVY-3xlFWO9OykovpRs7gj-0sz4A0fU5bmbEJCiUI,Unknown,Budget,12.5,
air fryer India,Our Place Wonder Oven Pro,325.0,$325.00,,,4.3,556,Our Place,37,Free delivery,"https://www.google.com/search?ibp=oshop&q=air fryer India&prds=catalogid:10987592771542457006,productid:5859224865092148926,headlineOfferDocid:12148924088717191487,imageDocid:17183988506240289325,rds:PC_8512488874511454025|PROD_PC_8512488874511454025,gpcid:8512488874511454025,mid:576462900629529610,pvt:hg&hl=en&gl=us&udm=28",https://encrypted-tbn1.gstatic.com/shopping?q=tbn:ANd9GcQGUGnZuoWph3a5wmz66Pishvfeha6x8ZCWfyZmAb5R2zM-exIKntPDE5E_kk_bd_048k1lolXi,Unknown,Budget,10.0,
air fryer India,Philips Air Fryer NA352/00 with Rapid Air Technology 9L capacity,156.53,$156.53,,,4.5,408,Ysvara Lifestyle,38,,"https://www.google.com/search?ibp=oshop&q=air fryer India&prds=catalogid:4934920894268322966,productid:13287721256687609364,headlineOfferDocid:7530230760940486675,imageDocid:7308358405792883525,rds:PC_5259308081006593028|PROD_PC_5259308081006593028,gpcid:5259308081006593028,mid:576462892667775330,pvt:hg&hl=en&gl=us&udm=28",https://encrypted-tbn1.gstatic.com/shopping?q=tbn:ANd9GcQtZpqKR-5zax5-e8ySM_Fi-i4RoNAqfyL5akjXyRpCqlh2WHAmRZkrqvJW5O-2keLnLFmjsFke,Philips,Budget,7.5,
air fryer India,Chefman TurboX 5-Quart Air Fryer,63.99,$63.99,90.0,90.0,4.7,269,Kohl's,39,Free delivery,"https://www.google.com/search?ibp=oshop&q=air fryer India&prds=catalogid:18339282205254157565,productid:17686231393684611185,headlineOfferDocid:18023562374994682347,imageDocid:3477178178048248573,rds:PC_7881265873735111954|PROD_PC_7881265873735111954,gpcid:7881265873735111954,mid:576462886779777751,pvt:hg&hl=en&gl=us&udm=28",https://encrypted-tbn1.gstatic.com/shopping?q=tbn:ANd9GcSzG3mK8LnIQo722BkvbBZBBpIl2giQLHtIH1-fsHABpoDzkiINP51LH3eudalhx2SffkPvo08f,Unknown,Budget,5.0,28.9
air fryer India,Havells Air Fryer Prolife Digi with 4L Capacity | Digital Touch Panel | Auto On/Off | 60 Min Timer | Basket Release Button | Air Filtration System | 2,68.05,$68.05,,,4.8,6,Velan Store,40,,"https://www.google.com/search?ibp=oshop&q=air fryer India&prds=productid:14461423338228689619,headlineOfferDocid:14461423338228689619,imageDocid:3511873833872203582,rds:PC_15887510452794401566|PROD_PC_15887510452794401566,pvt:hg&hl=en&gl=us&udm=28",https://encrypted-tbn2.gstatic.com/shopping?q=tbn:ANd9GcT5AN3D_IJReqaPuDPer2xD9qdR0sDW-nSg4bB8qRcEosat_sQNAnq1jgphwPoyWjrRqiyQPx25,Unknown,Budget,2.5,
power bank fast charging,INIU Portable Charger 22.5W 20000mAh USB C in & Out Power Bank Fast Charging,29.99,$29.99,,,4.8,6900,Best Buy,1,,"https://www.google.com/search?ibp=oshop&q=power bank fast charging&prds=catalogid:11868475314202508046,productid:3294574346213581088,headlineOfferDocid:9044348816208648513,imageDocid:17381162328427381119,rds:PC_12940609061544481197|PROD_PC_12940609061544481197,gpcid:12940609061544481197,mid:576462774623063300,pvt:hg&hl=en&gl=us&udm=28",https://encrypted-tbn3.gstatic.com/shopping?q=tbn:ANd9GcTWDaA3gw9LXO0xpv1S0CmW1iGwTXKvIowL_fbpOpd0nm0dHEEgvbwjbCRwokVDuk0Igsm-FXiKTD_idl38tdB0FdVsADRa,Unknown,Budget,100.0,
power bank fast charging,Anker 737 Power Bank,109.99,$109.99,,,4.7,2500,Target,2,Free delivery by Thu,"https://www.google.com/search?ibp=oshop&q=power bank fast charging&prds=catalogid:13038530916109200653,productid:18189381674544144139,headlineOfferDocid:2421501350637264092,imageDocid:12281766229078054120,rds:PC_635069963036699636|PROD_PC_635069963036699636,gpcid:635069963036699636,mid:576462682475070314,pvt:hg&hl=en&gl=us&udm=28",https://encrypted-tbn0.gstatic.com/shopping?q=tbn:ANd9GcSJsOosRd9F0A7vsSfw2qkn50IiSGAScTqbPAinIU7i1HBDXL_H9eC0-bndRwMPkwxyjv7Sf_IVyBlinHQiT18rWU5T0ShcjCJ3JHysx6PQGxF5g7Qan9cWhQ,Unknown,Budget,97.5,
power bank fast charging,"Onn. 10,000 mAh Portable Power Bank",12.88,$12.88,,,3.9,87,Walmart,3,,"https://www.google.com/search?ibp=oshop&q=power bank fast charging&prds=catalogid:15661570703122976001,productid:14393530726418308340,headlineOfferDocid:8523212102287111992,imageDocid:5892834890226695633,rds:PC_213161855478627458|PROD_PC_213161855478627458,gpcid:213161855478627458,mid:576462834717074573,pvt:hg&hl=en&gl=us&udm=28",https://encrypted-tbn1.gstatic.com/shopping?q=tbn:ANd9GcRs3Lhz-Ag9YrQ0-jNMpc_YSWPHxnCYODDnnXN1oZ4vR9yNIdkxmlesM9Vm5tDNcUGBKx_4x8ZOo5gsZ4GLU_1577Qw-_DynfiPoVc5TpNyoRpIeaVGU9sH_A,Unknown,Budget,95.0,
power bank fast charging,INIU 10000mAh PD 45W Portable Charger,21.99,$21.99,30.0,30.0,4.9,47,Best Buy,4,,"https://www.google.com/search?ibp=oshop&q=power bank fast charging&prds=catalogid:16302645312480497929,productid:17850738970821644629,headlineOfferDocid:2178829936240933215,imageDocid:1787638770095753193,rds:PC_4891820634427470986|PROD_PC_4891820634427470986,gpcid:4891820634427470986,mid:576462563939371437,pvt:hg&hl=en&gl=us&udm=28",https://encrypted-tbn1.gstatic.com/shopping?q=tbn:ANd9GcSY8B9WMUwaYwmDj3mpHzLuKV9O0iKzxCuKhMxkzW78J884fEAIgmLuf8qmvsNwjffFET7ZMi5yPgNg7WPp9gXJOX5aQQ5zt0eQLUGxQun5I5inSQ2Qc-vl,Unknown,Budget,92.5,26.7
power bank fast charging,Anker Power Bank 20K 87W,79.99,$79.99,,,4.7,454,Anker US,5,Free delivery,"https://www.google.com/search?ibp=oshop&q=power bank fast charging&prds=catalogid:6809680547796076275,productid:4200993271274879703,headlineOfferDocid:6447712352545319275,imageDocid:2824469796765779546,rds:PC_1697584694203809174|PROD_PC_1697584694203809174,gpcid:1697584694203809174,mid:576462775327146830,pvt:hg&hl=en&gl=us&udm=28",https://encrypted-tbn2.gstatic.com/shopping?q=tbn:ANd9GcT1__t2ynRrvpxdaoZR-N33wqz8xE6N2U73sgKj8kxyuS8OtdNM1UwBxPnSGQT_ePPYOGLI6i1Z0U6zYSF0eUhfnRDIIbaD5w,Unknown,Budget,90.0,
power bank fast charging,Ugreen Nexode Power Bank,99.99,$99.99,,,4.8,331,us.ugreen.com,6,Free delivery,"https://www.google.com/search?ibp=oshop&q=power bank fast charging&prds=catalogid:1550274658730231156,productid:13489170753089777839,headlineOfferDocid:12638973203360828693,imageDocid:324412824254797316,rds:PC_3696672131022209449|PROD_PC_3696672131022209449,gpcid:3696672131022209449,mid:576462833115716048,pvt:hg&hl=en&gl=us&udm=28",https://encrypted-tbn0.gstatic.com/shopping?q=tbn:ANd9GcQdJj3PwbKR554H4pPfGIJFBp3HPZbyQwt6DvhKXa24oTjNsuZcjpIBpu95l54QD9p5j600QW28TYIZfgLJG9lhrlYJGFpO6Ksbud0wXtyK0XjmuxtcXY0bjw,Unknown,Budget,87.5,
power bank fast charging,Portable Charger for iPhone 17/16/15,27.87,$27.87,179.0,179.0,3.8,21,Walmart - BREEZIO Shop,7,,"https://www.google.com/search?ibp=oshop&q=power bank fast charging&prds=catalogid:6210038899684102877,productid:546475268541830601,headlineOfferDocid:2526839153614618830,imageDocid:3842031033914877971,rds:PC_14916064718564421361|PROD_PC_14916064718564421361,gpcid:14916064718564421361,pvt:hg&hl=en&gl=us&udm=28",https://encrypted-tbn3.gstatic.com/shopping?q=tbn:ANd9GcRaWDqNhgzBzfHIf-KvI5_Valk8NvsvOkBYig5G55uacWRj4E8JJvsnlW8MDIF2uG7hJA0npDuYVMzOUERx66SHjymCjr57QLEEb_4oscEXsMT10PAKkxSpVg,Unknown,Budget,85.0,84.43
power bank fast charging,Anker Prime Power Bank 20K 200W Champagne,139.99,$139.99,,,4.5,1600,Best Buy,8,Free delivery by Sun,"https://www.google.com/search?ibp=oshop&q=power bank fast charging&prds=catalogid:14488228858624953815,productid:1916435602767690838,headlineOfferDocid:292876572409941086,imageDocid:14040999113887449433,rds:PC_1489961050031841729|PROD_PC_1489961050031841729,gpcid:1489961050031841729,mid:576462749569165436,pvt:hg&hl=en&gl=us&udm=28",https://encrypted-tbn1.gstatic.com/shopping?q=tbn:ANd9GcRkbKNBsvHvZxqiwGaxaIas_-cDB3d6DviZC44KmBBv1efz3NJnAis6PDicK4KFFBYr024ihjomSqdD1gP9gF_S5Wth-vM0KIWTIUzKKYP4TEGA13LREqrlnA,Unknown,Budget,82.5,
power bank fast charging,Belkin BoostCharge Plus Power Bank,48.99,$48.99,55.0,55.0,4.3,177,Belkin,9,Free delivery on $75+,"https://www.google.com/search?ibp=oshop&q=power bank fast charging&prds=catalogid:9746162434490866619,productid:11639835043842755800,headlineOfferDocid:18337555502518641854,imageDocid:1803133455405741717,rds:PC_8450404314234093494|PROD_PC_8450404314234093494,gpcid:8450404314234093494,mid:576462814034217867,pvt:hg&hl=en&gl=us&udm=28",https://encrypted-tbn1.gstatic.com/shopping?q=tbn:ANd9GcQ3oJyLUlZTvrDCKGYE-oJhPh6Fl25R1tc8JlzxSBHtf-KWPtG7tlfMBtOCkKs0G5D-FZhkJgRAoVgu4-VphYuo3nciREnyIJ7esX1gsP_RyuMAA4FRE-pfMA,Unknown,Budget,80.0,10.93
power bank fast charging,Nitecore Carbo 20 Power Bank,179.95,$179.95,,,4.8,18,Nitecore Store,10,Free delivery,"https://www.google.com/search?ibp=oshop&q=power bank fast charging&prds=catalogid:14578915493013003635,productid:15867484272072236782,headlineOfferDocid:12504829317460979936,imageDocid:6152535338907431969,rds:PC_17049884885371526608|PROD_PC_17049884885371526608,gpcid:17049884885371526608,mid:576462897979672529,pvt:hg&hl=en&gl=us&udm=28",https://encrypted-tbn1.gstatic.com/shopping?q=tbn:ANd9GcSUuis1fdrTpV-3oTkMHEDJMBimwqVuCCn3R-2kOG27iQfmcBfG1Ia4L3lrMtc5InLOFPFqddjoG1VHJYnxTN1F1minvzAGJ1DHceXKCHhcDl7GSh4jVE8U,Unknown,Budget,77.5,
power bank fast charging,Onn. Portable Power Bank,17.88,$17.88,,,4.3,112,Walmart,11,Next-day delivery $7,"https://www.google.com/search?ibp=oshop&q=power bank fast charging&prds=catalogid:8759800098905189023,productid:10591726333979904386,headlineOfferDocid:14471773999989172681,imageDocid:9403751684713802348,rds:PC_2764277725462506471|PROD_PC_2764277725462506471,gpcid:2764277725462506471,mid:576462894473341099,pvt:hg&hl=en&gl=us&udm=28",https://encrypted-tbn0.gstatic.com/shopping?q=tbn:ANd9GcQD7jQHC8jIYXpjmYojpdsAyxMoASGnDsWQ5GsE8s_UbWbm7vvX1m-hPaMkNBiIWD2dYJRI-R_yZ-CAXuFh4wAfMijk6WWOH7elTbCx1dES82rXsFYImdYG,Unknown,Budget,75.0,
power bank fast charging,EcoFlow RAPID Power Bank,99.98,$99.98,,,3.0,1,EcoFlow Official,12,Free delivery,"https://www.google.com/search?ibp=oshop&q=power bank fast charging&prds=catalogid:16885227068983757250,productid:10677352337581784847,headlineOfferDocid:17608507037842313756,imageDocid:15982336369805873820,rds:PC_5494686532148712086|PROD_PC_5494686532148712086,gpcid:5494686532148712086,pvt:hg&hl=en&gl=us&udm=28",https://encrypted-tbn0.gstatic.com/shopping?q=tbn:ANd9GcTn7UiquwBRa7uAExJGv4G8Az-YsgKTIA3WcP-ghVshsDy6L5GpELR9TpEiw19G5EznTMuxf-SPhpe_Ueo95nAIM3wTnL_8_d0YXH9IYuYM9GYop7y2V_5A,Unknown,Budget,72.5,
power bank fast charging,Baseus PicoGo AM52 Qi2.2 Magnetic Power Bank,63.99,$63.99,90.0,90.0,4.4,281,Baseus,13,Free delivery by Thu,"https://www.google.com/search?ibp=oshop&q=power bank fast charging&prds=catalogid:15552468419618126882,productid:10858727187784186233,headlineOfferDocid:6968703896587132159,imageDocid:17430835147145205696,rds:PC_2974862932968183081|PROD_PC_2974862932968183081,gpcid:4660874474696725492,mid:576462898007409443,pvt:hg&hl=en&gl=us&udm=28",https://encrypted-tbn0.gstatic.com/shopping?q=tbn:ANd9GcQgCjs9uQ4DKqp-oiU46p2TMAIy7zGt9yPhTBLOgbvdGtq5rx1Ok4Yqmbr77YQHTLzjnefmV9dyL72pSQn2SyqbgvkTIjcs96_Vz7ZybQDW2NgCOzH3KOeWtA,Unknown,Budget,70.0,28.9
power bank fast charging,Anker Nano Power Bank,44.99,$44.99,50.0,50.0,4.5,1800,Best Buy,14,,"https://www.google.com/search?ibp=oshop&q=power bank fast charging&prds=catalogid:15888690433347531240,productid:31528368022259022,headlineOfferDocid:10172081349128682143,imageDocid:12852385098134586216,rds:PC_17239526673092294126|PROD_PC_17239526673092294126,gpcid:17239526673092294126,mid:576462822856988081,pvt:hg&hl=en&gl=us&udm=28",https://encrypted-tbn0.gstatic.com/shopping?q=tbn:ANd9GcSyvAHoncpj76seI_LG1v8-0DRlQLvyT6yomXelsql_w118N3nqS2eDG-8vm_RfThO5lOyvDtFlEKh5Pdopwzib18WVDCTDDKeK55-w9BGJIG8Pvil7ffLkmjg,Unknown,Budget,67.5,10.02
power bank fast charging,Anker 10K Fusion Power Bank,37.99,$37.99,53.0,53.0,4.7,560,Anker US,15,Free delivery,"https://www.google.com/search?ibp=oshop&q=power bank fast charging&prds=catalogid:11414302695975999917,productid:3619825253491195574,headlineOfferDocid:3683288239957493768,imageDocid:7278977170730512623,rds:PC_5348393398438501996|PROD_PC_5348393398438501996,gpcid:5348393398438501996,mid:576462853968633735,pvt:hg&hl=en&gl=us&udm=28",https://encrypted-tbn3.gstatic.com/shopping?q=tbn:ANd9GcQyEXE5aHt3lC0lF9s9b8QlozD8-at2CTPclW6jCXySUBLcPfnAuw7_hLSTNmWwzy6imC7OR-2_9T2SE8zLewjl1XNSQ20S_vTt_1VP1d1x-gtYd4gEBLSi,Unknown,Budget,65.0,28.32
power bank fast charging,"Power Bank, 15000mAh Portable Charger with Built in Cable, 22.5w Fast Charging, 6 Outputs, Slim Travel Essential Battery Pack with LED Display,",159.0,$159.00,,,4.4,51,Walmart - Breezio,16,Free delivery,"https://www.google.com/search?ibp=oshop&q=power bank fast charging&prds=productid:4697915276660403364,headlineOfferDocid:4697915276660403364,imageDocid:6153696955436788200,rds:LO_4697915276660403364|PROD_LO_4697915276660403364,pvt:hg&hl=en&gl=us&udm=28",https://encrypted-tbn0.gstatic.com/shopping?q=tbn:ANd9GcT0RBaHdyomB_Hpa2A-7sZlclInAIDXyZskqhTGMHgDczs6LVmcqY-0jEQGjQ-3TpWIdH20AecQe1Tapp_vgYU8FzfzY74Ing5NmhbsFMlyeHWr4qM0phPJng,Unknown,Budget,62.5,
power bank fast charging,INIU Pocket Ultra 45W Fast Charging 10000mAh Ultra Small Power Bank,69.99,$69.99,,,,,Target,17,Free delivery by Thu,"https://www.google.com/search?ibp=oshop&q=power bank fast charging&prds=catalogid:11704249509945512616,productid:17066125761306091779,headlineOfferDocid:2549014451111212362,imageDocid:240042345783891163,gpcid:10307463771210959236,mid:576462566260178556,pvt:hg&hl=en&gl=us&udm=28",https://encrypted-tbn3.gstatic.com/shopping?q=tbn:ANd9GcRWxWXzrAZCl0xsq0qBSMXzGqoxTiBOkG4tCb45P_iQqgpPVHGje20aGIjKGk3fg0jLZMiCohl21nRzCKl7uFB70F34rLokKz4oYs4-dw4xsQxUtY_jZPvDtg,Unknown,Budget,60.0,
power bank fast charging,Ridge Power Bank 10k mAh Bundle,139.0,$139.00,158.0,158.0,4.9,105,The Ridge,18,Free delivery by Thu,"https://www.google.com/search?ibp=oshop&q=power bank fast charging&prds=catalogid:7854721481763679100,productid:10754551544920073093,headlineOfferDocid:6995174330088214706,imageDocid:18125719116079049552,rds:PC_13181294061184733367|PROD_PC_13181294061184733367,gpcid:13181294061184733367,mid:576462544692420133,pvt:hg&hl=en&gl=us&udm=28",https://encrypted-tbn0.gstatic.com/shopping?q=tbn:ANd9GcTD6yUynqUz9Bw9bxVV75rBN9E9Q83LGetquwYDWUOnkHoTXWCw3f_86Iny6cSJS4u23rSX5NU65oJpNYEjMsUXYMecwL7dmmlvntsu-OMQ-wMk2c4ExbpfRA,Unknown,Budget,57.49999999999999,12.03
power bank fast charging,UGREEN Nexode 200W Power Bank,139.99,$139.99,,,4.9,15,Best Buy,19,Free delivery,"https://www.google.com/search?ibp=oshop&q=power bank fast charging&prds=catalogid:5391501112772087174,productid:18359774842987470785,headlineOfferDocid:9187519019069911616,imageDocid:4382357703846830950,rds:PC_4794338556512079584|PROD_PC_4794338556512079584,gpcid:4794338556512079584,mid:576462892399157437,pvt:hg&hl=en&gl=us&udm=28",https://encrypted-tbn2.gstatic.com/shopping?q=tbn:ANd9GcTORBTs2gXBNkWgx8ZiI8meIGksS8JC-6sRo7Vuhbio4qSxmeH-FNnXDLRc_I2VD5Nc6Mt1ShF74UKqI8DpAbwKIFB3ecWdlKxT1GsWXhN5kb5eu4ew1LypSA,Unknown,Budget,55.00000000000001,
power bank fast charging,Belkin BoostCharge Pro Magnetic Power Bank 5K,59.95,$59.95,,,3.7,94,Apple,20,Free next-day delivery,"https://www.google.com/search?ibp=oshop&q=power bank fast charging&prds=catalogid:11121308362869786448,productid:13832140680324537372,headlineOfferDocid:2402247968335503771,imageDocid:3003852719353275866,rds:PC_2503946283570611012|PROD_PC_2503946283570611012,gpcid:2503946283570611012,mid:576462899771380197,pvt:hg&hl=en&gl=us&udm=28",https://encrypted-tbn2.gstatic.com/shopping?q=tbn:ANd9GcRCg69DZBs5ksMZquzP-pAhtH9W_qvDeCSCukBSJ1TvsrwiYBhIYWEsPcp3iVWrIqP8lq-iFEm1yxZKNpE0uiV8BzkI2DvjAXGd7Nm9FSPZDVQDPOf33Zh6Lg,Unknown,Budget,52.5,
power bank fast charging,"10,000mah Power Bank with LED Power Display 22.5w Portable Charger 2-in-1 Wireless",18.09,$18.09,,,3.1,8,Walmart - Baokaler,21,,"https://www.google.com/search?ibp=oshop&q=power bank fast charging&prds=catalogid:2940581666531097149,productid:6639489230842060299,headlineOfferDocid:14614032337746874599,imageDocid:10002510094480180656,rds:PC_16814869937400232653|PROD_PC_16814869937400232653,gpcid:16814869937400232653,pvt:hg&hl=en&gl=us&udm=28",https://encrypted-tbn0.gstatic.com/shopping?q=tbn:ANd9GcTZbrjn7ATNLsA7zGFAFuV7P0d2IT6M3pdTxOZUrleB8UKH8yvbH5OzjNQWYXOnWvQqT1bqh4rxefaG6_yRxwVKISAsTravz3VVtej0SGWHoZZwLcRbOO5A,Unknown,Budget,50.0,
power bank fast charging,Anker MagGo 10K Slim Power Bank,79.99,$79.99,,,4.7,686,Anker US,22,Free delivery,"https://www.google.com/search?ibp=oshop&q=power bank fast charging&prds=catalogid:10493833893372065324,productid:8781375155283333273,headlineOfferDocid:11397176510658291856,imageDocid:9180775609452347388,rds:PC_2961884113118272286|PROD_PC_2961884113118272286,gpcid:2961884113118272286,mid:576462542959412041,pvt:hg&hl=en&gl=us&udm=28",https://encrypted-tbn0.gstatic.com/shopping?q=tbn:ANd9GcQs2fDnEJCdtXVGNSJbVHpj9WuiCFVyi-CLXp1L7cQCKrUAsA0zy9RLVaJj6MfaJP5KNjH7_e7OTm7PXLYAFW40Lx1L1e9_MWCdq6vwfDMWWYhcYAzZ155ffg,Unknown,Budget,47.5,
power bank fast charging,Viongo VN820 Power Bank 165W Fast Charging 27000mAh,139.99,$139.99,,,,,Vionentus,23,Free delivery by Thu,"https://www.google.com/search?ibp=oshop&q=power bank fast charging&prds=productid:4840192402948421296,headlineOfferDocid:4840192402948421296,imageDocid:11432323356040360218,pvt:hg&hl=en&gl=us&udm=28",https://encrypted-tbn2.gstatic.com/shopping?q=tbn:ANd9GcRL_s6EQxsXY1Wk5zsvJ9cIiJMEC0n8LwtXRx9AuRg9zopE_ESUH9Ud4OARndH3yzSID6LZKsT8K9psWzHTjK5rWuetVBDUlewDTjn17RVThzc2Lfdc86qUOw,Unknown,Budget,45.0,
power bank fast charging,Samsung Galaxy Magnetic Wireless Battery Pack,64.99,$64.99,,,4.5,66,Best Buy,24,Free delivery by Sun,"https://www.google.com/search?ibp=oshop&q=power bank fast charging&prds=catalogid:1270754526067600004,productid:17417782967111353485,headlineOfferDocid:1387368722902482384,imageDocid:18225899085873852074,rds:PC_2118642012914122083|PROD_PC_2118642012914122083,gpcid:2118642012914122083,mid:576462555603787468,pvt:hg&hl=en&gl=us&udm=28",https://encrypted-tbn2.gstatic.com/shopping?q=tbn:ANd9GcQGQSK45F6y8c_gVpjUsw8uwsHOr4OMHzs6H8LSsmkHgPH0no0hr50NYIpLIzi8PLhCvrFVrtslb6i8rZdNf0I3Mn1_dwoDZkjAyGZXV70,Samsung,Budget,42.5,
power bank fast charging,Sharge Flow Mini 2 Power Bank,22.9,$22.90,25.0,25.0,4.7,219,Sharge,25,Free delivery on $100+,"https://www.google.com/search?ibp=oshop&q=power bank fast charging&prds=catalogid:4874378133883920942,productid:6352803367089322757,headlineOfferDocid:8580055308243829799,imageDocid:13264327055500097863,rds:PC_1141299401696515505|PROD_PC_1141299401696515505,gpcid:1141299401696515505,mid:576462820844093663,pvt:hg&hl=en&gl=us&udm=28",https://encrypted-tbn3.gstatic.com/shopping?q=tbn:ANd9GcTHJQiCEPkN7B_59MuyX1RnJpaDJPKxBbaiBQrr9jWSXpqZHv1JYMlB2BC0xgf30CAzrtOOHP-Ufx9c9PiOJgeumh5Sxqf9l3mD7W5cXXil8u3GebsAQS3S,Unknown,Budget,40.0,8.4
power bank fast charging,Ugreen Power Bank for Laptop,69.99,$69.99,110.0,110.0,4.6,525,Walmart - UGREEN Official Store,26,Free delivery,"https://www.google.com/search?ibp=oshop&q=power bank fast charging&prds=catalogid:13265590996896548936,productid:17536832905941376005,headlineOfferDocid:3589057112765715885,imageDocid:274206605612668942,rds:PC_18262635848213051477|PROD_PC_18262635848213051477,gpcid:18262635848213051477,mid:576462701907295528,pvt:hg&hl=en&gl=us&udm=28",https://encrypted-tbn2.gstatic.com/shopping?q=tbn:ANd9GcSmkaOmy8Ln_ljGEZ3qjGCZYkGTN4w9Eek0rwFBB5oDQX33fM329bJEScBtnVjByPwLNldXmTG-R377ejJ5CExHTCYfLZiVLTrgdfgSF7N551PaHTgAy5h2pA,Unknown,Budget,37.5,36.37
power bank fast charging,Omnicharge Omni 40+ Power Bank,399.0,$399.00,,,,,omnicharge.co,27,Free delivery by Thu,"https://www.google.com/search?ibp=oshop&q=power bank fast charging&prds=catalogid:5896739625911061400,productid:15706723599460129807,headlineOfferDocid:11425113107651703192,imageDocid:18329477951973111871,gpcid:2573126585244649609,mid:576462703536533984,pvt:hg&hl=en&gl=us&udm=28",https://encrypted-tbn3.gstatic.com/shopping?q=tbn:ANd9GcSSu8ZUtUL_6RSpz2dlRUyeiqOiibJxSPnc-nMUAGgrOu8EkOoo01e1bvSqvRjxdqgOtGwT2No2E12zi7iK7Ykqp-9l76WmsNhYrX9_FQhi5w6j5pgrdsXa,Unknown,Budget,35.0,
power bank fast charging,"Energizer Ultimate Lithium 50,000 mAh 30W Power Delivery 3-Port USB-C Universal Portable Battery Charger",69.99,$69.99,,,4.6,103,Best Buy,28,Free delivery by Mon,"https://www.google.com/search?ibp=oshop&q=power bank fast charging&prds=catalogid:2936238726920387182,productid:2965400675766105382,headlineOfferDocid:7657315605045643476,imageDocid:11725431779538235364,rds:PC_13474688029320412917|PROD_PC_13474688029320412917,gpcid:13474688029320412917,mid:576462499264195830,pvt:hg&hl=en&gl=us&udm=28",https://encrypted-tbn0.gstatic.com/shopping?q=tbn:ANd9GcQz8QbFrtNc_WlSGsmb-J_YlJPtvd0EFkPD3zCbF-9Vn912PbuCsWHoCeOWAyXW3nSfgbr2CA0Vi4g0l29ASpKyW3DbH0dHAXnYCs4D1C0,Unknown,Budget,32.5,
power bank fast charging,ELECOM Nestout 10000mAh Power Bank,54.99,$54.99,,,4.8,38,Stay Ready Outdoors,29,,"https://www.google.com/search?ibp=oshop&q=power bank fast charging&prds=catalogid:17800451527990030638,productid:16289331407924227761,headlineOfferDocid:16463492371644285775,imageDocid:3197611756377043758,rds:PC_3265967015536282463|PROD_PC_3265967015536282463,gpcid:3265967015536282463,mid:576462759449000817,pvt:hg&hl=en&gl=us&udm=28",https://encrypted-tbn2.gstatic.com/shopping?q=tbn:ANd9GcTsuevqiX_BbIA2FCCyxwIc-VSMA7pK_NXrOubwqJnoEK2yRmkD5WCKu-aAgU2GiIXYCX8Pxhq_bKEgfJuoyyZqsaB8al2ViLX3z2Jo442NqyNXft5jUvwk,Unknown,Budget,30.0,
power bank fast charging,Nitecore NB10000 Gen4 Power Bank,83.95,$83.95,,,4.8,375,Nitecore Store,30,Free delivery,"https://www.google.com/search?ibp=oshop&q=power bank fast charging&prds=catalogid:9762283162557734349,productid:1183342538040164647,headlineOfferDocid:4538221021950302934,imageDocid:12303781195510862721,rds:PC_12386134044011803738|PROD_PC_12386134044011803738,gpcid:12386134044011803738,mid:576462879837572012,pvt:hg&hl=en&gl=us&udm=28",https://encrypted-tbn1.gstatic.com/shopping?q=tbn:ANd9GcSFRbaampMZLUcPD3bPQyTilBFloXZ7N5v1AziUeyT9Gt9SM_ovuLbYeAetgZSABUbwy4g1WuI_He43Bjrq_yEkvp9vgBtiy6KF9Kj4Nv3OarNbadE50tZO,Unknown,Budget,27.500000000000004,
power bank fast charging,Onn. 5000mAh Portable Power Bank,7.88,$7.88,,,3.8,163,Walmart,31,,"https://www.google.com/search?ibp=oshop&q=power bank fast charging&prds=catalogid:14835303482093018285,productid:14523927536370587074,headlineOfferDocid:5084592013116546525,imageDocid:3671980452384519010,rds:PC_2713045219368194031|PROD_PC_2713045219368194031,gpcid:2713045219368194031,mid:576462563315753085,pvt:hg&hl=en&gl=us&udm=28",https://encrypted-tbn0.gstatic.com/shopping?q=tbn:ANd9GcQIAKeK4PmPI26yJCl5ADBzuIz3SBgl-cRmLFviz4Z5HNlBdef3Wfdy5tCRast4u87yrgkATb0ajwvRr7GWGMVx3bXkpfvy4Aqyyd2OcmzBmlTRQyrK0YML,Unknown,Budget,25.0,
power bank fast charging,Anker Nano Power Bank 10K 45W,54.99,$54.99,60.0,60.0,4.8,726,Anker US,32,Free delivery,"https://www.google.com/search?ibp=oshop&q=power bank fast charging&prds=catalogid:1611416042964904193,productid:11308164872088389383,headlineOfferDocid:793340146439311661,imageDocid:14763003186204771385,rds:PC_13483951441619780947|PROD_PC_13483951441619780947,gpcid:13483951441619780947,pvt:hg&hl=en&gl=us&udm=28",https://encrypted-tbn1.gstatic.com/shopping?q=tbn:ANd9GcQqO0ZHReFCf9oLQYz3fx7X4ZIKyauhhZM01m9_-9VN8JAtFDtdV_N24DK92iQIGuGDjS7buh5z0NdczKYmZrAU9WjjIv2mT7DfzjY-hFSevBWPXUkO0K7RKcQ,Unknown,Budget,22.5,8.35
power bank fast charging,Anker Zolo 10K 22.5W Power Bank,29.99,$29.99,,,4.8,506,Best Buy,33,,"https://www.google.com/search?ibp=oshop&q=power bank fast charging&prds=catalogid:13530201730629093687,productid:13500700694454744267,headlineOfferDocid:7330803574667402531,imageDocid:13193040032216781284,rds:PC_17431551791498673805|PROD_PC_17431551791498673805,gpcid:17431551791498673805,mid:576462895439258395,pvt:hg&hl=en&gl=us&udm=28",https://encrypted-tbn0.gstatic.com/shopping?q=tbn:ANd9GcQhAen_JgM2c6jLH2A-TR4XDL5Pk0jeQ6pLnwuUD77jiAwAFDNZEjLgnYP1VHSfCGvN700criAvy6jPRUIQ_t2FGLMuCzB1MicRcIXoO56x,Unknown,Budget,20.0,
power bank fast charging,Baseus EnerFill FC11 Power Bank,35.99,$35.99,,,5.0,4,Baseus,34,Free delivery by Thu,"https://www.google.com/search?ibp=oshop&q=power bank fast charging&prds=catalogid:12666013885611965540,productid:9193247316826573643,headlineOfferDocid:5596155375240188535,imageDocid:14482418557459986373,rds:PC_2782702827263935713|PROD_PC_2782702827263935713,gpcid:2782702827263935713,mid:576462563325137488,pvt:hg&hl=en&gl=us&udm=28",https://encrypted-tbn1.gstatic.com/shopping?q=tbn:ANd9GcTkNwi7f0RRSCRAGaXX1PpTTV_FxrOUX4PEXpmvUlgxeHNMbFfMhINplN_AOempDICMN4nRXz0e7Hl5ZvD-SOmm1ti0nkErugvoIC5lpRG3Kgq99eALdtfw,Unknown,Budget,17.5,
power bank fast charging,Anker Zolo Power Bank,29.99,$29.99,,,4.7,2200,BrandsWalk,35,Free delivery,"https://www.google.com/search?ibp=oshop&q=power bank fast charging&prds=catalogid:3642718781543112328,productid:14715436011755842135,headlineOfferDocid:2440316097048997731,imageDocid:8470012351281394915,rds:PC_11136597960154518981|PROD_PC_11136597960154518981,gpcid:11136597960154518981,mid:576462879307011829,pvt:hg&hl=en&gl=us&udm=28",https://encrypted-tbn3.gstatic.com/shopping?q=tbn:ANd9GcTIGznTY0qgo62I2QISEbXCO387wZdpVjP10qR6TKfH3_tmaKY2712asDjOgssAse3fzCF-zmGkjmYkqz_dGvlYiNp5LNXB8RWJdTE4KUqVcw87f3c_4EEU,Unknown,Budget,15.0,
power bank fast charging,"Iniu 10,000 mAh Portable Power Bank",22.49,$22.49,,,4.7,20,Walmart - INIU,36,,"https://www.google.com/search?ibp=oshop&q=power bank fast charging&prds=catalogid:6518029092406836644,productid:8079490669387509601,headlineOfferDocid:17201430526510930322,imageDocid:11960765206641257750,rds:PC_17798700548075644685|PROD_PC_17798700548075644685,gpcid:17798700548075644685,mid:576462862044774361,pvt:hg&hl=en&gl=us&udm=28",https://encrypted-tbn2.gstatic.com/shopping?q=tbn:ANd9GcSfW1mMMorzto6XIrb2ZBuEE5q9qrkAyg16Z3BxPXk3mB-jZDcS2-yQHV8OVgYb42EYg_2aax7QOzCFxCKyHhx-Rvc5z9SFFPorXn1d19YvSWKvXbwB6zDZwA,Unknown,Budget,12.5,
power bank fast charging,Xtreme 10000mAh Solar Power Bank,29.99,$29.99,,,,,Target,37,Free delivery on $35+,"https://www.google.com/search?ibp=oshop&q=power bank fast charging&prds=catalogid:1346644344474639247,productid:1859784959195256491,headlineOfferDocid:18294258784844163466,imageDocid:13148154867725290959,gpcid:9281288625197626636,mid:576462880779800722,pvt:hg&hl=en&gl=us&udm=28",https://encrypted-tbn3.gstatic.com/shopping?q=tbn:ANd9GcShkpV0_s1OMGgtVm4onkZOvoLitutoWspXmDIhiBJ6CaDze8LyWh4ngWBQPULoP0D8QcCTsa9hJf6RC3b7pUx2hhL3KxLhHC4C60SK8G3qzVcqkDumiI2MaA,Unknown,Budget,10.0,
power bank fast charging,"UGREEN Qi2 Certified 15W Magnetic Power Bank 10,000mAh Portable Charger 30W USB-C Fast",39.99,$39.99,50.0,50.0,4.6,115,Best Buy,38,Free delivery by Sun,"https://www.google.com/search?ibp=oshop&q=power bank fast charging&prds=catalogid:7410183027368582949,productid:7910694431168681146,headlineOfferDocid:469513468003777109,imageDocid:16149364456908086263,rds:PC_9511711339521350110|PROD_PC_9511711339521350110,gpcid:9511711339521350110,mid:576462849499945788,pvt:hg&hl=en&gl=us&udm=28",https://encrypted-tbn3.gstatic.com/shopping?q=tbn:ANd9GcQVtglV5pgye8Oa3txE_5k1tYSQ9TYHvBz5R2GAEddbHtioOeEY-rL3pw9s6r-vEB0QEzK87z8NAfVwbYas6KQut6V7sgVvmc4QF6wdIN3zzIBMDWIG31a-,Unknown,Budget,7.5,20.02
power bank fast charging,Anker MagGo 5K Slim Power Bank,49.95,$49.95,,,,,Apple,39,Free next-day delivery,"https://www.google.com/search?ibp=oshop&q=power bank fast charging&prds=catalogid:8420689586342798349,productid:7180705966868990590,headlineOfferDocid:491872241434898601,imageDocid:12875163144779742895,gpcid:3565132282095476175,mid:576462895397392381,pvt:hg&hl=en&gl=us&udm=28",https://encrypted-tbn3.gstatic.com/shopping?q=tbn:ANd9GcTsEoZpGesrttmsGCzwnVemSwEWqRvbu3Cgo2HHgDfT8xNmcMO8S5VQTPzP_PZ7cjy9K5MM1Cc965oaYA-3KzilG68igSN_PDrulQOmMTwc4H8BdMz4uJxI2w,Unknown,Budget,5.0,
power bank fast charging,Anker Power Bank 30W,49.97,$49.97,,,4.6,1500,Walmart,40,Free delivery,"https://www.google.com/search?ibp=oshop&q=power bank fast charging&prds=catalogid:1389872343385276680,productid:11974292464360122234,headlineOfferDocid:1171189829493292652,imageDocid:13117653723246553413,rds:PC_9771313351332246973|PROD_PC_9771313351332246973,gpcid:9771313351332246973,mid:576462797033860144,pvt:hg&hl=en&gl=us&udm=28",https://encrypted-tbn1.gstatic.com/shopping?q=tbn:ANd9GcSq0M0gB84rqY2XxcN2llUFe9cGmBjr6Z6152ijB24AAaPP-yiQ36CkzhLQt0aa6wvyH9OSWwyRfE6vehgRwHbo73P15clalGUHCVZnC3GiITEDbnaxeRRPNA,Unknown,Budget,2.5,
office chair ergonomic,Kerdom Ergonomic Office Chair,89.99,$89.99,,,4.5,24,Best Buy,1,,"https://www.google.com/search?ibp=oshop&q=office chair ergonomic&prds=catalogid:12891111461016926398,productid:17101206628047337003,headlineOfferDocid:4278068485737929713,imageDocid:6427768490412081963,rds:PC_4986330041798882475|PROD_PC_4986330041798882475,gpcid:4986330041798882475,pvt:hg&hl=en&gl=us&udm=28",https://encrypted-tbn3.gstatic.com/shopping?q=tbn:ANd9GcRWOYYFXLyXAZWgUg4b3URz9a1F4cImCzWHzN2QODMijfJIrtic-8bk9ZMKoJ7QO2wBxPP4UAo9hhb0qqg-Us143l6Khdf7kGHv-xzknHWnfV7HOAVtF6sY,Unknown,Budget,100.0,
office chair ergonomic,Pinmoco Cross Legged Office Chair,119.59,$119.59,230.0,230.0,,,Walmart - Pinmoco,2,Free delivery,"https://www.google.com/search?ibp=oshop&q=office chair ergonomic&prds=catalogid:6503012376920726508,productid:12641664534046996172,headlineOfferDocid:3217876739058374813,imageDocid:11205083306926806501,gpcid:15036209900520121601,pvt:hg&hl=en&gl=us&udm=28",https://encrypted-tbn1.gstatic.com/shopping?q=tbn:ANd9GcQs6z81z4l56mUlT_wV1u8iTh1MEqtc33u4G_me2emCNAZYn-9HJZkvuWRHaDaUWBe3aPNUe6SARs-ukz1XCfs-DkDEGiA9V4iL_XmVD6g,Unknown,Budget,97.5,48.0
office chair ergonomic,FlexiSpot C7 Best Ergonomic Office Chair,319.99,$319.99,450.0,450.0,4.6,1400,FlexiSpot.com,3,Free delivery by Wed,"https://www.google.com/search?ibp=oshop&q=office chair ergonomic&prds=catalogid:6822531116809583142,productid:18063643393788371000,headlineOfferDocid:16605163774808796993,imageDocid:7721180854957200651,rds:PC_1386715945064470963|PROD_PC_1386715945064470963,gpcid:1386715945064470963,mid:576462878913143281,pvt:hg&hl=en&gl=us&udm=28",https://encrypted-tbn3.gstatic.com/shopping?q=tbn:ANd9GcSOOEk52HwPEw4cUJo1p8lFm5WHJk1wwpTN7E8QZzZ2kbV9oFUoCrv-0ULHNYyk9LcipEKObQWop2RXUhVEZ4ISitGHQ2X17JaZRum_si4yAvJ9L0YtYRSnjQ,Unknown,Budget,95.0,28.89
office chair ergonomic,FlexFit Dexley Mesh Task Chair,149.99,$149.99,330.0,330.0,4.5,46,Staples,4,Free delivery by Mon,"https://www.google.com/search?ibp=oshop&q=office chair ergonomic&prds=catalogid:13914021081082649659,productid:10513286823174451257,headlineOfferDocid:3903576819120034759,imageDocid:17085338220197120826,rds:PC_494170256274311933|PROD_PC_494170256274311933,gpcid:494170256274311933,mid:576462829373862491,pvt:hg&hl=en&gl=us&udm=28",https://encrypted-tbn2.gstatic.com/shopping?q=tbn:ANd9GcSwuL7dmtn1NNMm6ZdX1rwRRTSWWHyNmV4Qm7odNRIZo_cJhfM9HBYo-IG19aph7IpfwZTlDu6td78_tnCn-XQI2Rg3XfoMeNZEBoJIrwyvZy23WW0_NOi8EA,Unknown,Budget,92.5,54.55
office chair ergonomic,"KERDOM - All in one High-End Ergonomic Office Chair with Footrest Advanced Mesh Cushion, Adjustable Seat Depth Lumbar & Armrest - Black",209.99,$209.99,280.0,280.0,5.0,2,Best Buy,5,,"https://www.google.com/search?ibp=oshop&q=office chair ergonomic&prds=productid:17682087971337683051,headlineOfferDocid:17682087971337683051,imageDocid:509956225693800314,rds:PC_16824432009384729283|PROD_PC_16824432009384729283,pvt:hg&hl=en&gl=us&udm=28",https://encrypted-tbn2.gstatic.com/shopping?q=tbn:ANd9GcSk1T481aQFPkAzrJTU3X-mFmowZ0OVssBRo7Abs89i_apnAuRz_o951j-Agy-xY8a7D-oyeQgaLj3LZIJ8pwpUVHmISpocMEjiY2av3LWsBu2q4t-TjYpSpg,Unknown,Budget,90.0,25.0
office chair ergonomic,EC200 Ergonomic Office Chair,179.99,$179.99,230.0,230.0,4.2,5,ProtoArc,6,Free delivery,"https://www.google.com/search?ibp=oshop&q=office chair ergonomic&prds=catalogid:930591620569777908,productid:12507813842148294494,headlineOfferDocid:14728753269755323437,imageDocid:16846200740579222027,rds:PC_16049342132982096662|PROD_PC_16049342132982096662,gpcid:16049342132982096662,mid:576462889521969728,pvt:hg&hl=en&gl=us&udm=28",https://encrypted-tbn3.gstatic.com/shopping?q=tbn:ANd9GcRQn2usMxtdl_0exJpbw0nurPPo2LgDwaI-APKni3b5yuNUZgndSFlF1iXx__RejLLk7bNDKIaxEUm-baOA-vr0Cp-QLYLScBTEIi6UzfBUyM_F74ipterG,Unknown,Budget,87.5,21.74
office chair ergonomic,WorkPro 1000 Series Ergonomic Mesh/Mesh Mid-Back Task Office Chair,199.99,$199.99,209.0,209.0,4.6,2800,Office Depot,7,Free delivery,"https://www.google.com/search?ibp=oshop&q=office chair ergonomic&prds=catalogid:17523977131409518813,productid:4709752961526747536,headlineOfferDocid:15435021058736011265,imageDocid:3257512743752154916,rds:PC_10179008092264519629|PROD_PC_10179008092264519629,gpcid:10179008092264519629,mid:576462897988035524,pvt:hg&hl=en&gl=us&udm=28",https://encrypted-tbn0.gstatic.com/shopping?q=tbn:ANd9GcTloJ1p_atitrHsak0ud2VIwpmH92uknsZTwGx1YrvapEbUATNBSuu_izWucQ6_TGrIh1FTC5jnANZXO0Ro0QjaFQZFSkPBGr3kjn1qVHCJpETrrGTCOvkh,Unknown,Budget,85.0,4.31
office chair ergonomic,Embody Chair Herman Miller,1650.0,"$1,650.00",2200.0,2200.0,4.4,1100,Herman Miller,8,,"https://www.google.com/search?ibp=oshop&q=office chair ergonomic&prds=catalogid:8551035522649320064,productid:12710551795577488697,headlineOfferDocid:1357060130590750578,imageDocid:17323861383949411882,rds:PC_16162280338043236049|PROD_PC_16162280338043236049,gpcid:16162280338043236049,mid:576462732890363511,pvt:hg&hl=en&gl=us&udm=28",https://encrypted-tbn2.gstatic.com/shopping?q=tbn:ANd9GcQ_gRACS1thvAGCDMrjlBw4KHFj2Y6hmeFJCvXwgLk-_JEForV2cvOWPTWoB-sqRUHaxzF2KXerMNcSMp7aWwU0AJZPfqwE3rJdH2lP2yUqr_m84xtEWl2bZg,Unknown,Mid-Range,82.5,25.0
office chair ergonomic,Sihoo B100 Ergonomic Office Chair,159.98,$159.98,,,4.2,66,Best Buy,9,,"https://www.google.com/search?ibp=oshop&q=office chair ergonomic&prds=catalogid:10526904279775268909,productid:15242080395839180776,headlineOfferDocid:1348022057405781585,imageDocid:2713298765274431355,rds:PC_4341351003559494384|PROD_PC_4341351003559494384,gpcid:4341351003559494384,mid:576462889733709659,pvt:hg&hl=en&gl=us&udm=28",https://encrypted-tbn3.gstatic.com/shopping?q=tbn:ANd9GcRMH0dReXGwswlhwM8Jsl3ABcF3FuVXpRwHmvGxDI6B1BLt7oMWzWiWyiGhjG6BC-GSQgFXB8ZB7p3tDxbcWF2sepTUQrmJEeKv8f01WSrWCDylrk-73qjU,Unknown,Budget,80.0,
office chair ergonomic,Work Zone Ergonomic Mesh Office Chair,129.99,$129.99,170.0,170.0,5.0,9,BJ's Wholesale Club,10,Free delivery,"https://www.google.com/search?ibp=oshop&q=office chair ergonomic&prds=catalogid:11331444232336683442,productid:2069919873828640218,headlineOfferDocid:404766337584490816,imageDocid:11489425688138361769,rds:PC_10473524418571947271|PROD_PC_10473524418571947271,gpcid:10473524418571947271,mid:576462867866969474,pvt:hg&hl=en&gl=us&udm=28",https://encrypted-tbn1.gstatic.com/shopping?q=tbn:ANd9GcSMuaXk5QpWYZ2vfrAR8FtLWZRUcUDfTLnTNbzo3cGRTc5gC3M3EhdB48PDTK6w1qT9qK7rjyL_y4jMMVlt6gGlxjts3OyQJlGZn1QMSQE,Unknown,Budget,77.5,23.54
office chair ergonomic,Mainstays Ergonomic Office Chair with Adjustable Headrest,76.0,$76.00,,,4.3,181,Walmart,11,Free delivery by Mon,"https://www.google.com/search?ibp=oshop&q=office chair ergonomic&prds=catalogid:10056246501847117316,productid:13818876930569201718,headlineOfferDocid:16017602343460583167,imageDocid:9630626150061125889,rds:PC_7921487953361302118|PROD_PC_7921487953361302118,gpcid:7921487953361302118,mid:576462770736036563,pvt:hg&hl=en&gl=us&udm=28",https://encrypted-tbn1.gstatic.com/shopping?q=tbn:ANd9GcQojKCg45gL-uzHcqT8LcQSsp-HDrWuCbKYx0JnkELSADw_aU5KJRqQlI-LcIvTBtFHMcaEU-fB9B5IPh7XNXaZtmlO3Fy-usoGCwvQS-W_,Unknown,Budget,75.0,
office chair ergonomic,FlexiSpot OC3 Ergonomic Office Chair,149.99,$149.99,260.0,260.0,4.7,302,FlexiSpot.com,12,Free delivery by Wed,"https://www.google.com/search?ibp=oshop&q=office chair ergonomic&prds=catalogid:12541240031538493319,productid:6710125706555021488,headlineOfferDocid:4559279327343168072,imageDocid:5839980995318838155,rds:PC_56387251396831054|PROD_PC_56387251396831054,gpcid:56387251396831054,mid:576462563316847523,pvt:hg&hl=en&gl=us&udm=28",https://encrypted-tbn3.gstatic.com/shopping?q=tbn:ANd9GcREtMsXat9KhuFyjbuWIvZZiaBY2jZIk5UUqw2fs4PcsTRVnhTnoUonjYuKUdyUuiIXkAfmTVHH0nwnzu9UndDpqybTAzc_CGnAHtA2fBLjEjmPe5BSWG5r,Unknown,Budget,72.5,42.31
office chair ergonomic,GTPLAYER Pink Ergonomic Office Chair,64.99,$64.99,110.0,110.0,4.1,34,Best Buy,13,,"https://www.google.com/search?ibp=oshop&q=office chair ergonomic&prds=catalogid:3808213192105014687,productid:129281430949829308,headlineOfferDocid:16733459575908037137,imageDocid:15502751749370998466,rds:PC_13050681610014280373|PROD_PC_13050681610014280373,gpcid:13050681610014280373,mid:576462544270398654,pvt:hg&hl=en&gl=us&udm=28",https://encrypted-tbn2.gstatic.com/shopping?q=tbn:ANd9GcRy07qx5QgWsMAghWRJzETTODHr1K6-aJ3zmV3eEOjQOjNl288j8FQwADddjLt6VGdaRFoMQ37mzH2kGP4E1Hk_RZjydWP9r9vDcIOYBtKlcobD89pwmI-HKw,Unknown,Budget,70.0,40.92
office chair ergonomic,Nouhaus Ergo3D Ergonomic Office Chair,269.99,$269.99,500.0,500.0,4.3,454,Nouhaus,14,Free delivery,"https://www.google.com/search?ibp=oshop&q=office chair ergonomic&prds=catalogid:6250071836802968405,productid:2924609260394410546,headlineOfferDocid:10667442336659805946,imageDocid:7419190473817234625,rds:PC_10223081348352609139|PROD_PC_10223081348352609139,gpcid:10223081348352609139,mid:576462561114912594,pvt:hg&hl=en&gl=us&udm=28",https://encrypted-tbn1.gstatic.com/shopping?q=tbn:ANd9GcS8xD9Bxws_ZsRQwOENj-UxUtdIkDvzE-7uO750avVSIbF7MXYdfEF43tlLQs8K_aA7PPrbRuovb9a-qeuNeSHAFwJMGAMVCNWxj__U_zOI,Unknown,Budget,67.5,46.0
office chair ergonomic,CDC Stealth Ergonomic Office Chair,129.99,$129.99,260.0,260.0,,,Custom Desk Creations,15,Free delivery,"https://www.google.com/search?ibp=oshop&q=office chair ergonomic&prds=catalogid:15516590739071167276,productid:4322410640704837988,headlineOfferDocid:17579408245576649679,imageDocid:17616978040821446047,gpcid:13750158142542048251,mid:576462874591146297,pvt:hg&hl=en&gl=us&udm=28",https://encrypted-tbn3.gstatic.com/shopping?q=tbn:ANd9GcTcjIZ8YNzaOPrbor4k7wjQprGO-FmSJwiZiiM5i7RASC-hguPS4M0VKd4PxoT9R78PYQKWzd9m0VoblTyia6HwLSflLLYduD9Ccc-O652QbSfsCRdJrV6U,Unknown,Budget,65.0,50.0
office chair ergonomic,La-Z-Boy Noelin Ergonomic Fabric Swivel Task Chair,349.99,$349.99,400.0,400.0,,,Staples,16,,"https://www.google.com/search?ibp=oshop&q=office chair ergonomic&prds=catalogid:8287313109432224394,productid:16765390519155448040,headlineOfferDocid:40253514825998335,imageDocid:9103043903500969506,gpcid:3558043878823414930,mid:576462563300640468,pvt:hg&hl=en&gl=us&udm=28",https://encrypted-tbn2.gstatic.com/shopping?q=tbn:ANd9GcS9O1yo2zJ3AqelVBP8zwhgRthNCozlircFxKPxOz2tTXrHAy-2Gb0AaRJu7mQWKd5XgLkfOffRZgYoK-dg_XCsSEbkY7UBPttaE_fjX6AZFF3RVnsBq4v-aw,Unknown,Budget,62.5,12.5
office chair ergonomic,KERDOM - Ergonomic High Back Breathable Mesh Office Chair with Headrest and 3D Armrests - Home Desk Chair Task Chair Gaming Chair - Black,149.99,$149.99,,,5.0,2,Best Buy,17,,"https://www.google.com/search?ibp=oshop&q=office chair ergonomic&prds=productid:4825206084744212493,headlineOfferDocid:4825206084744212493,imageDocid:17182256901646401599,rds:PC_13963925436448308394|PROD_PC_13963925436448308394,pvt:hg&hl=en&gl=us&udm=28",https://encrypted-tbn3.gstatic.com/shopping?q=tbn:ANd9GcTFZMrUnvn9cocg4zpBg5qkZl5A-x6Y_T1__Wrla39ukTN7uUj8uIcbomFh_Mo8bu8YLZm7qGhpCG8KtHejvylqHpKr38ZkNDDZoFX7ru2b,Unknown,Budget,60.0,
office chair ergonomic,Hinomi Q2 Ergonomic Office Chair,369.0,$369.00,399.0,399.0,4.8,165,Hinomi US,18,Free delivery by Wed,"https://www.google.com/search?ibp=oshop&q=office chair ergonomic&prds=catalogid:15497131344640692109,productid:11148763360662522911,headlineOfferDocid:11510208734903017701,imageDocid:16841773728348380209,rds:PC_3828159514813030212|PROD_PC_3828159514813030212,gpcid:3828159514813030212,mid:576462867058551392,pvt:hg&hl=en&gl=us&udm=28",https://encrypted-tbn1.gstatic.com/shopping?q=tbn:ANd9GcQcuQoxYZiLUEf3ScJF1kGbDEFSIJKMMfgeZ2HqabrZXmk_sNPLe5Zq3yVSPTiBDe3eFyVYE7lCB-WQYqjn-b8s99iBIEjUg5M72gLbxYXJAVmwoN1aycrb,Unknown,Budget,57.49999999999999,7.52
office chair ergonomic,VIVO Ergonomic Adjustable Office Chair,299.99,$299.99,390.0,390.0,,,Wayfair,19,Free delivery by Wed,"https://www.google.com/search?ibp=oshop&q=office chair ergonomic&prds=catalogid:14601684696344398878,productid:15449034089334605359,headlineOfferDocid:8588208993980490595,imageDocid:4405119773085579441,gpcid:6758512263765801557,mid:576462884121348483,pvt:hg&hl=en&gl=us&udm=28",https://encrypted-tbn1.gstatic.com/shopping?q=tbn:ANd9GcTrRw_-ZOwSjjljkMvfTlVsjFeQ-vkmFlWVKZd4KYE2stNLesle0Ic0WTExQ5aaeGtBSU-_2dt6ZhYEWBo38pc8-pSjeXpyRa1TipHDVWJJWCtTVK3_S7P-,Unknown,Budget,55.00000000000001,23.08
office chair ergonomic,BestOffice Ergonomic Mesh Computer Desk Midback Task Chair,43.99,$43.99,67.0,67.0,3.8,1700,"Walmart - Factory Direct Wholesales, LLC",20,Free delivery,"https://www.google.com/search?ibp=oshop&q=office chair ergonomic&prds=catalogid:12940184429271885267,productid:2987082016861003583,headlineOfferDocid:14068575138947007165,imageDocid:6857477123055175997,rds:PC_2786433336815245321|PROD_PC_2786433336815245321,gpcid:2786433336815245321,mid:576462808302745880,pvt:hg&hl=en&gl=us&udm=28",https://encrypted-tbn1.gstatic.com/shopping?q=tbn:ANd9GcR9sH9sSDPPuApK3VHW9B39YlmATiyQEvKIV7ecyVvGGQ5txHNLdPBhkKiWvoH4WuUtasHKV2672pOJaBwSedCkoMJMOlV9uLey39wBLjsWkvTN2wtqeoDA,Unknown,Budget,52.5,34.34
office chair ergonomic,FlexiSpot C5 Affordable Ergonomic Office Chair,209.99,$209.99,270.0,270.0,4.5,280,FlexiSpot.com,21,Free delivery by Wed,"https://www.google.com/search?ibp=oshop&q=office chair ergonomic&prds=catalogid:8771275776505375560,productid:8483703710728260070,headlineOfferDocid:14923778733746413048,imageDocid:8247431880086712834,rds:PC_2745421107727283866|PROD_PC_2745421107727283866,gpcid:2745421107727283866,mid:576462563932960086,pvt:hg&hl=en&gl=us&udm=28",https://encrypted-tbn2.gstatic.com/shopping?q=tbn:ANd9GcSymjF4DEH1QSd_hzcYfvC5YArDyp-AOAemlwOCE1Y50uvjeb0bZKCv_K_Zs5b8k4eF71anEZb8452fmkCP5Qv11tjOQyaiPWORkeEV6KCBQlQCFObSvPd3,Unknown,Budget,50.0,22.23
office chair ergonomic,The Container Store Branch Ergonomic Chair Pro,499.0,$499.00,,,4.5,713,Branch,22,Free delivery,"https://www.google.com/search?ibp=oshop&q=office chair ergonomic&prds=catalogid:4401520118976304998,productid:3658601988281060402,headlineOfferDocid:17520579230542035871,imageDocid:9978492383429019542,rds:PC_11578745717715903267|PROD_PC_11578745717715903267,gpcid:11578745717715903267,mid:576462865624144654,pvt:hg&hl=en&gl=us&udm=28",https://encrypted-tbn1.gstatic.com/shopping?q=tbn:ANd9GcTRJBn8Ca5E3dWAT7S1vRGypTTR8m3xxsrVqsRecPt8qdMen2MuC4-lfXtVk85yqg0RPj3On2GqEkdY9PtyQ5DqvwlcvDqTHDUcyFdQw1qAXI4aRi6B86Yk0A,Unknown,Budget,47.5,
office chair ergonomic,Ergonomic Office Chair,199.99,$199.99,260.0,260.0,4.3,138,Sunaofe,23,Free delivery by Thu,"https://www.google.com/search?ibp=oshop&q=office chair ergonomic&prds=catalogid:7290445798941380319,productid:5843703999547831647,headlineOfferDocid:10687256095830998350,imageDocid:8776678355296045640,rds:PC_7467442896694729372|PROD_PC_7467442896694729372,gpcid:7467442896694729372,pvt:hg&hl=en&gl=us&udm=28",https://encrypted-tbn0.gstatic.com/shopping?q=tbn:ANd9GcT37CShi_f8m5bM4-vNg1Dmx11NgJNtAiSIwCrZgLHbfOrQk-N7QGTIGezEY52XFw5TwKpQXj5RrV_xWqZZVgwcibhV5bCI0zb5Qt61TdQVSFX6dE5khlxMww,Unknown,Budget,45.0,23.08
office chair ergonomic,Eureka Ergonomic Royal Microfiber Leather Executive Office Chair,439.0,$439.00,,,4.5,82,Eureka Ergonomic,24,Free delivery,"https://www.google.com/search?ibp=oshop&q=office chair ergonomic&prds=catalogid:3880409757349086837,productid:179226761489489514,headlineOfferDocid:3391809243944350019,imageDocid:1647000501032922115,rds:PC_6092506718159841610|PROD_PC_6092506718159841610,gpcid:6092506718159841610,mid:576462839967346229,pvt:hg&hl=en&gl=us&udm=28",https://encrypted-tbn3.gstatic.com/shopping?q=tbn:ANd9GcSWdnRduBzNjfIY2VsrUZtitXBh93Q6DS0CweOO81S05wTGp-kUIoFREi5fbRwcrQ6Khc_-CrwujsFQEYA5TiSsnjA7gRQ0xlzfw5TJfNY,Unknown,Budget,42.5,
office chair ergonomic,Techni Mobili Essential Ergonomic Office Chair,114.99,$114.99,,,4.3,15,Target,25,Free delivery by Thu,"https://www.google.com/search?ibp=oshop&q=office chair ergonomic&prds=catalogid:16689298344181029971,productid:3383679937753660869,headlineOfferDocid:1790629328814017248,imageDocid:12234002218477878018,rds:PC_3751773014970130928|PROD_PC_3751773014970130928,gpcid:3751773014970130928,mid:576462888172868271,pvt:hg&hl=en&gl=us&udm=28",https://encrypted-tbn0.gstatic.com/shopping?q=tbn:ANd9GcQDRXxw-QKI3Qg0bv5eMaGzW61oZLF052wfZwzcTV___IVZCf8m0L2X4F_6RZKJ2H9PRm-oKnEW-Ium9S7NwFlEfLGrZxDvL9_M-vwg1iDDTb4wP0XD2sietQ,Unknown,Budget,40.0,
office chair ergonomic,HBADA E3 Air Ergonomic Office Chair,379.0,$379.00,499.0,499.0,4.9,642,Hbada Official,26,Free delivery,"https://www.google.com/search?ibp=oshop&q=office chair ergonomic&prds=catalogid:18103430039370383750,productid:10810664627555192135,headlineOfferDocid:17567001404038887893,imageDocid:2744079131141494964,rds:PC_14892828270731463047|PROD_PC_14892828270731463047,gpcid:14892828270731463047,mid:576462888308724835,pvt:hg&hl=en&gl=us&udm=28",https://encrypted-tbn0.gstatic.com/shopping?q=tbn:ANd9GcQHmXjhlpQBn7mKSD784LO6yNSspcMnSe_PGuZywoBDzAiQzKQ2RXiTK5txi9xp0qf1UcY3pZehsbMwu5E0jsQjTqCdRPVEdO1fLoRQ5_Kov8jWLIoAk0ae,Unknown,Budget,37.5,24.05
office chair ergonomic,FlexiSpot C7 Ergonomic Chair,299.99,$299.99,430.0,430.0,4.6,1400,FlexiSpot.com,27,Free delivery by Wed,"https://www.google.com/search?ibp=oshop&q=office chair ergonomic&prds=catalogid:16507647746274837308,productid:4732330439537761731,headlineOfferDocid:11247542335146509241,imageDocid:4009151760175236946,rds:PC_16068494703489721303|PROD_PC_16068494703489721303,gpcid:16068494703489721303,mid:576462549603285180,pvt:hg&hl=en&gl=us&udm=28",https://encrypted-tbn2.gstatic.com/shopping?q=tbn:ANd9GcTwgtaj_RfdYr-bp0BKmBNb7wFfpVf40sh41KMowZwPA2Sp0VJOV3gkDmDJhax6Uj_wIpOOeKYzcruVqn1NUk4UFo_x5j9MxpaltPM7XIDyaDJMv88TnSxY,Unknown,Budget,35.0,30.23
office chair ergonomic,Coolhut Ergonomic Office Chair,95.78,$95.78,140.0,140.0,4.2,32,Walmart - CoolHut,28,Free delivery,"https://www.google.com/search?ibp=oshop&q=office chair ergonomic&prds=catalogid:15353961964624689608,productid:11003298163648300269,headlineOfferDocid:12862836481002192663,imageDocid:4176788711670574941,rds:PC_3322665889197946679|PROD_PC_3322665889197946679,gpcid:3322665889197946679,mid:576462815326010845,pvt:hg&hl=en&gl=us&udm=28",https://encrypted-tbn1.gstatic.com/shopping?q=tbn:ANd9GcSkHpVLXLDimjpgauQj6CMHjRutvS1mK20WvjhTGuDsX9vopj7iAhiLkoOu3lH6neeyf-YUiq1YqlCTo-DHTJSh848DwE8kDfj3IDJzPMF1O0ConTYzeX6Vzw,Unknown,Budget,32.5,31.59
office chair ergonomic,Autonomous ErgoChair Pro,538.92,$538.92,,,4.6,3400,Best Buy,29,,"https://www.google.com/search?ibp=oshop&q=office chair ergonomic&prds=catalogid:2716263918884307178,productid:18242666953480326028,headlineOfferDocid:9041570137674183916,imageDocid:17163605733102339851,rds:PC_7482026412193996173|PROD_PC_7482026412193996173,gpcid:7482026412193996173,mid:576462783750706181,pvt:hg&hl=en&gl=us&udm=28",https://encrypted-tbn3.gstatic.com/shopping?q=tbn:ANd9GcRLcvZwGoh3KMXNXVVMFkLG7yUntUJnxVULK5Cmir-CU5_sjSOCBUv4IbzQE3qYvhO8ZBjqAHYsHK5WUROlxQEZeTRoxLKRK33Y63NTVkQ5zAB6pUqnhfCx,Unknown,Budget,30.0,
office chair ergonomic,Herman Miller Aeron Chair,2015.0,"$2,015.00",,,4.5,3300,Herman Miller,30,,"https://www.google.com/search?ibp=oshop&q=office chair ergonomic&prds=catalogid:11712564206789973851,productid:3951810659526924927,headlineOfferDocid:11852004536306169777,imageDocid:11494914870751960741,rds:PC_13007852262511206390|PROD_PC_13007852262511206390,gpcid:13007852262511206390,mid:576462492398406605,pvt:hg&hl=en&gl=us&udm=28",https://encrypted-tbn1.gstatic.com/shopping?q=tbn:ANd9GcQ1eqoYuc6yeIvFx1vzgd8aBvVsnTil9-XLzI1gOVbBXpNezuNYD_Rdx0dHsYnWuK9QQIWC_7p5hOdifJ8cwf0dCRpAw2F5u_-_K5d7scpsnWoJFO7m1aLB,Unknown,Mid-Range,27.500000000000004,
office chair ergonomic,Hinomi H2 Pro Ergonomic Office Chair,639.0,$639.00,759.0,759.0,4.8,1500,Hinomi US,31,Free delivery by Wed,"https://www.google.com/search?ibp=oshop&q=office chair ergonomic&prds=catalogid:11610153726541049536,productid:1368422411292033043,headlineOfferDocid:16833380143221940662,imageDocid:12477217082874237026,rds:PC_8644683842767466123|PROD_PC_8644683842767466123,gpcid:8644683842767466123,mid:576462815095082807,pvt:hg&hl=en&gl=us&udm=28",https://encrypted-tbn2.gstatic.com/shopping?q=tbn:ANd9GcThffvzTvveww1pxG0fXEyOugEQgmjZ5bXHBRvmnNseoImkcLrnZsBIDpIJeE4HSnWE7PpVrv2tRU6mvj3t6ZT5YGMqLUR-h5wEX9swUCnyZXATRyMBOBFZ,Unknown,Budget,25.0,15.81
office chair ergonomic,FlexiSpot C7 Max Ergonomic Office Chair,469.99,$469.99,590.0,590.0,4.6,336,FlexiSpot.com,32,Free delivery by Wed,"https://www.google.com/search?ibp=oshop&q=office chair ergonomic&prds=catalogid:143829704887041860,productid:15921694294445945180,headlineOfferDocid:5008414844471552743,imageDocid:12170230930452040851,rds:PC_523552227048403824|PROD_PC_523552227048403824,gpcid:523552227048403824,mid:576462861318246695,pvt:hg&hl=en&gl=us&udm=28",https://encrypted-tbn3.gstatic.com/shopping?q=tbn:ANd9GcTvfQlDFpSjyC0LPMw4SxWkJeEAvxZHYjbWVyxJubFErjkjMytDSXfj1CFM5TFpYwFtiOeQjAKL4yG9F-UVDaGmupPDKMKNxWXEeGa-8fcaqiJB3_ILvK8i,Unknown,Budget,22.5,20.34
office chair ergonomic,Magshion Ergonomic Office Chair,99.99,$99.99,136.0,136.0,3.2,4,Walmart - Magshion,33,Free delivery,"https://www.google.com/search?ibp=oshop&q=office chair ergonomic&prds=catalogid:3703820304796507798,productid:6793989690327117719,headlineOfferDocid:501103988208224635,imageDocid:14311174889416636675,rds:PC_11051330855908017877|PROD_PC_11051330855908017877,gpcid:11051330855908017877,mid:576462550488863533,pvt:hg&hl=en&gl=us&udm=28",https://encrypted-tbn3.gstatic.com/shopping?q=tbn:ANd9GcTOPgBQyPW03B135I213sDEYx5SQUL6a84e4S0c4OqV8zaBmPZr3bq3q5F8SmKJEJIBLyOekxpyU824LnYGbOiKfOpv3UcukW6069jdV5B8Bas85QXnF5Jrhg,Unknown,Budget,20.0,26.48
office chair ergonomic,Mathis Home Branch Ergonomic Chair,399.0,$399.00,,,4.4,7800,Branch,34,Free delivery,"https://www.google.com/search?ibp=oshop&q=office chair ergonomic&prds=catalogid:5334507589696088594,productid:15050640617030325089,headlineOfferDocid:11865917849041748447,imageDocid:12776827076633669026,rds:PC_13142538113547815565|PROD_PC_13142538113547815565,gpcid:13142538113547815565,mid:576462704272406801,pvt:hg&hl=en&gl=us&udm=28",https://encrypted-tbn2.gstatic.com/shopping?q=tbn:ANd9GcRToO117e-nQ9hlmTgBgXPaAqqeFhLy9L3Q7v15QcJ9uaBaK7KZmYG2gCf07qc-KWfBD3LGxVCHVzmoqlU-RC8uTUq1MQ71k87wH2U-yiNQ38qX8uYdpnWRTA,Unknown,Budget,17.5,
office chair ergonomic,GTPlayer Big and Tall Office Chair Faux Leather Ergonomic Executive Chair,249.99,$249.99,,,4.2,24,Best Buy,35,,"https://www.google.com/search?ibp=oshop&q=office chair ergonomic&prds=catalogid:16933344677522006621,productid:10730041399149726408,headlineOfferDocid:9040914812612139125,imageDocid:16872472310873088624,rds:PC_10387510995774301085|PROD_PC_10387510995774301085,gpcid:10387510995774301085,mid:576462885629469767,pvt:hg&hl=en&gl=us&udm=28",https://encrypted-tbn0.gstatic.com/shopping?q=tbn:ANd9GcQu5ebfTno8ArgHa2IhvOTRHmtCAZ8WXGDyZk0Xbm92NyAcgBVCJwsAm1MacAuu_kcR6dKBHPbT8y5ebVOnRS2MtNeKvxCcXRy-EOHQcURg,Unknown,Budget,15.0,
office chair ergonomic,Latitude Run KERDOM Ergonomic Office Chair,127.99,$127.99,300.0,300.0,4.6,14,Wayfair,36,Free delivery by Thu,"https://www.google.com/search?ibp=oshop&q=office chair ergonomic&prds=catalogid:12359910972300769163,productid:16023756647672471329,headlineOfferDocid:17313720041073661853,imageDocid:16784628424969884502,rds:PC_6309648488570663255|PROD_PC_6309648488570663255,gpcid:6309648488570663255,mid:576462525340223267,pvt:hg&hl=en&gl=us&udm=28",https://encrypted-tbn2.gstatic.com/shopping?q=tbn:ANd9GcQ8G8J9z6RWpNNElF0Zo9xlkXrkZW7sClQvKcPtj-ktMh1x_Imj34B3_4VcNPGwjl9-wuaICiMG5CLam9kE3Z3OoYFiX-PgjLOfJn1wdNk,Unknown,Budget,12.5,57.34
office chair ergonomic,FlexiSpot C7 Ergonomic Mesh Cushion Chair,299.99,$299.99,430.0,430.0,4.5,1500,FlexiSpot.com,37,Free delivery by Wed,"https://www.google.com/search?ibp=oshop&q=office chair ergonomic&prds=catalogid:17054720397715573101,productid:12891241991060227417,headlineOfferDocid:11447133716342722609,imageDocid:10073170829429572617,rds:PC_7668097052987575331|PROD_PC_7668097052987575331,gpcid:7668097052987575331,mid:576462859593963226,pvt:hg&hl=en&gl=us&udm=28",https://encrypted-tbn1.gstatic.com/shopping?q=tbn:ANd9GcSuo-a_D9JGmR-V861pMEw6_1yhVu-AFdZlUMLRn9H3QaXPNEGJh9uY5CKVJv0JhB02w6AuKth8TkN0qsbyge_hnadGBXp-hRPJxaYzeK92JEmuK3RdKAeiuA,Unknown,Budget,10.0,30.23
office chair ergonomic,KERDOM Ergonomic Office Chair,119.99,$119.99,160.0,160.0,4.5,13,Walmart - CoolHut,38,Free delivery,"https://www.google.com/search?ibp=oshop&q=office chair ergonomic&prds=catalogid:9709927871356578416,productid:9628591636259902684,headlineOfferDocid:16788511788115986288,imageDocid:5221579103600833900,rds:PC_9583534355392839328|PROD_PC_9583534355392839328,gpcid:9583534355392839328,mid:576462897265626257,pvt:hg&hl=en&gl=us&udm=28",https://encrypted-tbn0.gstatic.com/shopping?q=tbn:ANd9GcRxdwR_ve8y2cJFlSC1HMDseiznz6UWN6GWNkPEoyNlYoSt8GjkQjvyEkrJoy8nsRmFOHK5zfXZ4jNnVDZ-p_t0N3aM6C7YaY3ZmjXET40o,Unknown,Budget,7.5,25.01
office chair ergonomic,Vari Ascent Chair,272.3,$272.30,389.0,389.0,4.0,5,Vari,39,Free delivery,"https://www.google.com/search?ibp=oshop&q=office chair ergonomic&prds=catalogid:14396068704807501815,productid:1589460463050323860,headlineOfferDocid:12757030505350664954,imageDocid:12626056028852439552,rds:PC_3528854448501914206|PROD_PC_3528854448501914206,gpcid:3528854448501914206,mid:576462841032569005,pvt:hg&hl=en&gl=us&udm=28",https://encrypted-tbn0.gstatic.com/shopping?q=tbn:ANd9GcTXYFKSaCzWxnZPj9J49k16zUZZWd1rDmoTO3WI5ju8rtP5WU4_F3sNT2ESsjWzhI60A6nMVXR1KvsCzBhE6T29Czitp2TJYRqU71_MAbQW4maFYFTdP2ji,Unknown,Budget,5.0,30.0
office chair ergonomic,Herman Miller Aeron Gaming Chair,1612.5,"$1,612.50",2150.0,2150.0,4.8,844,Herman Miller,40,,"https://www.google.com/search?ibp=oshop&q=office chair ergonomic&prds=catalogid:16757135287223491678,productid:12337190862143396542,headlineOfferDocid:3655740927831397615,imageDocid:2533056428565774540,rds:PC_3826347896583792553|PROD_PC_3826347896583792553,gpcid:3826347896583792553,mid:576462869826453191,pvt:hg&hl=en&gl=us&udm=28",https://encrypted-tbn0.gstatic.com/shopping?q=tbn:ANd9GcTY1Oqo6F4C3jV900p4hE8j8fC2OL0to-EMRa4hf_bZCGdb4CjqHlTuPP3henXH4aWR6v0DCgLLXeatp9IPLQTVWDHKwBcDznWmwW6Xq1CbFl2MZs1IHgZFdw,Unknown,Mid-Range,2.5,25.0
men running shoes,Nike Men's Air Max 270,127.99,$127.99,170.0,170.0,4.5,12000,Famous Footwear,1,,"https://www.google.com/search?ibp=oshop&q=men running shoes&prds=catalogid:2049521633300426157,productid:18125969090976501334,headlineOfferDocid:1894668639508482347,imageDocid:13249668682656679143,rds:PC_17061284879993548590|PROD_PC_17061284879993548590,gpcid:17061284879993548590,mid:576462814918579744,pvt:a&hl=en&gl=us&udm=28",https://serpapi.com/searches/6a7f23fe1290d9cfc4179f3a/images/4G6jZ4Q5xWXjYqTsiDe6c_DoQCL22big7jkn3EsK7Gk.webp,Nike,Budget,100.0,24.71
men running shoes,Under Armour Men's Charged+ Turbulence 3 Running Shoes,63.75,$63.75,85.0,85.0,4.5,68,Kohl's,2,Free delivery,"https://www.google.com/search?ibp=oshop&q=men running shoes&prds=catalogid:3821255634949998466,productid:15226548280206294335,headlineOfferDocid:16682177537600090284,imageDocid:16517708652588390198,rds:PC_14601720079364529091|PROD_PC_14601720079364529091,gpcid:14601720079364529091,mid:576462878006267974,pvt:a&hl=en&gl=us&udm=28",https://encrypted-tbn2.gstatic.com/shopping?q=tbn:ANd9GcT0S5vayS3ztLPXgwnwqrs16vd0XiGkVYTYjmTfXlaVKV942BA46k9mkwPYOZd-TxO2_synJb1njPOgpjxTzEJb80FhILNzoC5x38Eu_qrB,Unknown,Budget,97.5,25.0
men running shoes,New Balance Men's 1906R,99.99,$99.99,155.0,155.0,4.5,1800,Foot Locker,3,Free delivery,"https://www.google.com/search?ibp=oshop&q=men running shoes&prds=catalogid:2168402215562187515,productid:1730128325741037888,headlineOfferDocid:6979431973583159434,imageDocid:10562100093014630736,rds:PC_8184556504993221418|PROD_PC_8184556504993221418,gpcid:12509293857033267773,mid:576462897957616993,pvt:a&hl=en&gl=us&udm=28",https://encrypted-tbn0.gstatic.com/shopping?q=tbn:ANd9GcT9_iJaH6oSZoPyDcIB7TaCVcqFx8H-7zAZ4aJ8vcv8IZtafFtVKyji83KaAk58UPfZSYBm0THK0lyi9tTGU8tkaQAqcoeCWYEC2BENMgumNWCJpn9fiOuvhw,Unknown,Budget,95.0,35.49
men running shoes,Hoka Men's Clifton 10,123.99,$123.99,155.0,155.0,4.7,7900,DICK'S Sporting Goods,4,,"https://www.google.com/search?ibp=oshop&q=men running shoes&prds=catalogid:10122701208965575482,productid:4083884578098291966,headlineOfferDocid:4984503243543281166,imageDocid:686778812828521537,rds:PC_1764275734809126189|PROD_PC_1764275734809126189,gpcid:1764275734809126189,mid:576462816712913980,pvt:a&hl=en&gl=us&udm=28",https://serpapi.com/searches/6a7f23fe1290d9cfc4179f3a/images/4G6jZ4Q5xWXjYqTsiDe6c7rYf-6VOVL_9NliAP3E7os.webp,Unknown,Budget,92.5,20.01
men running shoes,Men's Brooks Glycerin GTS 23,179.95,$179.95,,,4.6,340,Lucky Feet Shoes,5,Free delivery by Thu,"https://www.google.com/search?ibp=oshop&q=men running shoes&prds=catalogid:15513740332528685046,productid:15664858059957277003,headlineOfferDocid:9715059969735934261,imageDocid:8526324168249878819,rds:PC_110193324378573145|PROD_PC_110193324378573145,gpcid:110193324378573145,mid:576462873299700127,pvt:a&hl=en&gl=us&udm=28",https://encrypted-tbn3.gstatic.com/shopping?q=tbn:ANd9GcRUleddOVNrJ077OjZS6iHoyCqpTp70h3_ptsY4AQC0kYO144Tha77ZQ-sBM5KEX4mU792XzxMy9AFggEGFVCSZAyqWqv-Dea_IrX62YlVeSucX76FN6cAVPg,Unknown,Budget,90.0,
men running shoes,Nike Men's Uplift SC,57.99,$57.99,70.0,70.0,4.7,734,Famous Footwear,6,,"https://www.google.com/search?ibp=oshop&q=men running shoes&prds=catalogid:5383607326045640937,productid:6350353892870055474,headlineOfferDocid:4803881064484316145,imageDocid:10869115880297948676,rds:PC_17889950684044232803|PROD_PC_17889950684044232803,gpcid:17889950684044232803,mid:576462517188268257,pvt:a&hl=en&gl=us&udm=28",https://serpapi.com/searches/6a7f23fe1290d9cfc4179f3a/images/4G6jZ4Q5xWXjYqTsiDe6c1RH_iJPs8jt7v7TL76a4jA.webp,Nike,Budget,87.5,17.16
men running shoes,Nike Men's Air Max Invigor,71.25,$71.25,95.0,95.0,4.6,2000,Kohl's,7,Free delivery,"https://www.google.com/search?ibp=oshop&q=men running shoes&prds=catalogid:3192990784345155323,productid:1916063293541954150,headlineOfferDocid:3919006979356763958,imageDocid:1121418171383617188,rds:PC_4479248600610101282|PROD_PC_4479248600610101282,gpcid:4479248600610101282,mid:576462894279953184,pvt:a&hl=en&gl=us&udm=28",https://encrypted-tbn0.gstatic.com/shopping?q=tbn:ANd9GcRiwjY98EcBFXF3jn7XQ7n4CVEiY00YP8doibbAZZvAtFtLZYYz7bb2mmYezdDT3X6trHYVn6wvHu-dtS7HjORSIEq4KmRE6gbCGcPQKWuM2FfAJjQJ6IQY-A,Nike,Budget,85.0,25.0
men running shoes,Saucony Men's Progrid Guide 7 Running Shoes,124.99,$124.99,135.0,135.0,5.0,1,Champs Sports,8,Free delivery,"https://www.google.com/search?ibp=oshop&q=men running shoes&prds=catalogid:12398572923483147050,productid:11971252342350172565,headlineOfferDocid:11694829128301423867,imageDocid:10391455675701700061,rds:PC_7623412146993947059|PROD_PC_7623412146993947059,gpcid:7623412146993947059,mid:576462563938205209,pvt:a&hl=en&gl=us&udm=28",https://encrypted-tbn1.gstatic.com/shopping?q=tbn:ANd9GcThTSYRS8p6URq-YmctZifYYL-dlWEfTHf1JHSKhJAMn6pJAxAxls-LWTFV599-D-Gc7oXSsOQaQZXGwotZEIzbW1ssXE_xMpHRKTQOOI6tdp9wn4RAdE8m,Unknown,Budget,82.5,7.41
men running shoes,New Balance Men's AC Runner Running Shoes,149.99,$149.99,,,4.5,70,New Balance,9,,"https://www.google.com/search?ibp=oshop&q=men running shoes&prds=catalogid:17701864385935043250,productid:16704694984405334183,headlineOfferDocid:4347672448045632311,imageDocid:10824553552724304849,rds:PC_4048319781430128872|PROD_PC_4048319781430128872,gpcid:4048319781430128872,mid:576462897960049669,pvt:a&hl=en&gl=us&udm=28",https://encrypted-tbn1.gstatic.com/shopping?q=tbn:ANd9GcQD7sWl4AAaSw7kPU8cGPEESlyv2XhAmS6jyArUe2V6tTmxtfLzxhZHFiAwL0gNTclX07h2h3TAFqtEIeJwZgG3H9XIKcXuIQcLGsdze-Gezk9XSHcLsYsI,Unknown,Budget,80.0,
men running shoes,Altra Men's Torin 8,119.93,$119.93,160.0,160.0,4.4,655,REI,10,Free delivery,"https://www.google.com/search?ibp=oshop&q=men running shoes&prds=catalogid:13819583170941070675,productid:7176950880542481641,headlineOfferDocid:12700473823697232059,imageDocid:705954286830356331,rds:PC_1881477823026407801|PROD_PC_1881477823026407801,gpcid:1881477823026407801,mid:576462810575472429,pvt:a&hl=en&gl=us&udm=28",https://encrypted-tbn3.gstatic.com/shopping?q=tbn:ANd9GcQi0IsNwbr0s1_BimuSOIM6MRl-10Xquw0GOtCS4idM3ihNbgH3PCB_FTWF5I7PbKBpN48mRaMzwVan_Ui9S2XEngd8BXjcrHRo4ZfV1Uw,Unknown,Budget,77.5,25.04
men running shoes,On Men's Cloudswift 4,169.99,$169.99,,,4.7,420,DICK'S Sporting Goods,11,,"https://www.google.com/search?ibp=oshop&q=men running shoes&prds=catalogid:9453353752990571601,productid:16487461286760818858,headlineOfferDocid:10719327538085868540,imageDocid:8154561063578827035,rds:PC_4883132965426652383|PROD_PC_4883132965426652383,gpcid:4883132965426652383,mid:576462865624369080,pvt:a&hl=en&gl=us&udm=28",https://encrypted-tbn3.gstatic.com/shopping?q=tbn:ANd9GcT01U7Ih7IIfpPGZOaKICq5tIiqnhNxiep8hl1wGpctvg8FJFDG-SdWlvP5MY6IeOqL2g53f57MDCmW9F-W2Uogi8-fFyO3AF70USzd9VuAm6H3lNq6Zfm-,Unknown,Budget,75.0,
men running shoes,Under Armour Men's Charged+ Assert 11 Wide Running Shoes,56.25,$56.25,75.0,75.0,4.5,165,Kohl's,12,Free delivery,"https://www.google.com/search?ibp=oshop&q=men running shoes&prds=catalogid:11681906105278401322,productid:18137105831862449112,headlineOfferDocid:10852211573186182754,imageDocid:4823904550238996489,rds:PC_11617045399251201672|PROD_PC_11617045399251201672,gpcid:5782864100922141747,mid:576462845493508186,pvt:a&hl=en&gl=us&udm=28",https://encrypted-tbn1.gstatic.com/shopping?q=tbn:ANd9GcSpEfBYdYpqm5Xu5TBYZhLR9aoyVNoCjc7qvKSIqDRH9ZE5w1EkzyZxd0kehNTfU0lKs-wV1jFJxr3D4JioRYfCFP4L7ctEOt8nLVX_5oxA,Unknown,Budget,72.5,25.0
men running shoes,Nike Men's Pegasus Premium,220.0,$220.00,,,4.3,1600,Foot Locker,13,Free delivery,"https://www.google.com/search?ibp=oshop&q=men running shoes&prds=catalogid:503526961113871184,productid:12286315702557635956,headlineOfferDocid:5137203832571867538,imageDocid:12606272679127664590,rds:PC_10726415743981069045|PROD_PC_10726415743981069045,gpcid:10726415743981069045,mid:576462866713118426,pvt:a&hl=en&gl=us&udm=28",https://encrypted-tbn2.gstatic.com/shopping?q=tbn:ANd9GcTr2B73Twro0cvgCCd421HQEzvJUL2eRYwWVwe0ftfk60SiGvhcW1oCT8CzYidL7CRR4Afal_fOzfG-b6UbrN3pHFVWVhVKp2QgNyiCrt5Z,Nike,Budget,70.0,
men running shoes,New Balance Men's Fresh Foam Roav Running Shoes,79.98,$79.98,90.0,90.0,4.4,369,Famous Footwear,14,,"https://www.google.com/search?ibp=oshop&q=men running shoes&prds=catalogid:8183980560005142844,productid:18149732523925561295,headlineOfferDocid:11400515552330572007,imageDocid:3831997876784126796,rds:PC_4699419430824433428|PROD_PC_4699419430824433428,gpcid:4699419430824433428,mid:576462898758358718,pvt:a&hl=en&gl=us&udm=28",https://encrypted-tbn0.gstatic.com/shopping?q=tbn:ANd9GcQ9IrIWugrxspzRGfsRP2Dwp9Ix6wp3rM_F99XkNMGEJ_Vlsh0v-cQCuxD-1FfrBzuAEK8XZFuLmEagt-XCBcKLT-t_w-FuNy2-YOCFUUxo,Unknown,Budget,67.5,11.13
men running shoes,Asics Gel-1130,109.99,$109.99,,,4.7,5600,JD Sports,15,Free delivery,"https://www.google.com/search?ibp=oshop&q=men running shoes&prds=catalogid:9938418573161457543,productid:13515057156156646137,headlineOfferDocid:12661127652537939750,imageDocid:2842902915588691291,rds:PC_5066058171608374146|PROD_PC_5066058171608374146,gpcid:5066058171608374146,mid:576462864824868035,pvt:a&hl=en&gl=us&udm=28",https://encrypted-tbn3.gstatic.com/shopping?q=tbn:ANd9GcR5vM5M1N3jNiR1_6LEsz8meshjMCNu4VfWuawZXHj1ojtxgAY5irRVvvK1b7hbq6gza7-h7SfJ7SUxstRYvkYIGTNyyojkWO2e5LQtWzOknn5tbPfF3ARV,Unknown,Budget,65.0,
men running shoes,New Balance Men's Ellipse v1,144.99,$144.99,,,4.8,46,New Balance,16,,"https://www.google.com/search?ibp=oshop&q=men running shoes&prds=catalogid:8237029827823929260,productid:2613499810701664746,headlineOfferDocid:5656984177873120881,imageDocid:9719823286355126523,rds:PC_2868184172316177382|PROD_PC_2868184172316177382,gpcid:9532318523620287314,mid:576462889195449140,pvt:a&hl=en&gl=us&udm=28",https://encrypted-tbn3.gstatic.com/shopping?q=tbn:ANd9GcQNLBGd4UMD8KWsjxUlB_bDQTU9_8EXVpldJA-zPyrZbRSjGpJTYPeZFGanb47ZcQw4e0tnWsha0pS2r8aM4bSG9tfLOPb2Yt2H5KVt2EPz0UF9uxIJgtxj,Unknown,Budget,62.5,
men running shoes,Men's Topo Athletic Topo Phantom 4,150.0,$150.00,,,4.6,221,REI,17,Free delivery,"https://www.google.com/search?ibp=oshop&q=men running shoes&prds=catalogid:9019659827864083981,productid:5801093652748072561,headlineOfferDocid:3498318025463793746,imageDocid:16231884106393035144,rds:PC_14269987547156831245|PROD_PC_14269987547156831245,gpcid:14269987547156831245,mid:576462833174867690,pvt:a&hl=en&gl=us&udm=28",https://encrypted-tbn0.gstatic.com/shopping?q=tbn:ANd9GcQRDh071uUhK6M_3PQxm4wwcs-uQoZOHmKvHrebFWjqKEwLqiC6uaTZfd3w3El8AtozHV8qlGEW7szFIbrMORkEjoz_rwJ08XlQ3Xdlkth2zuNXSWpln3Sp,Unknown,Budget,60.0,
men running shoes,Nike Men's Vomero Plus,143.99,$143.99,180.0,180.0,4.7,2200,DICK'S Sporting Goods,18,,"https://www.google.com/search?ibp=oshop&q=men running shoes&prds=catalogid:16171078599795041960,productid:15984880122583852723,headlineOfferDocid:1166290336264298357,imageDocid:8851680079427171205,rds:PC_16205108421803581788|PROD_PC_16205108421803581788,gpcid:16205108421803581788,mid:576462864034435929,pvt:a&hl=en&gl=us&udm=28",https://encrypted-tbn1.gstatic.com/shopping?q=tbn:ANd9GcQfT9GO_KGjfq8e6nTuLlHYhIgl0MTCXaabKyvHr3StfxMrf4Q60vE-A9nAmON36KX_ccXUIcdN3zOewlO8NyQ03RIduYSW9wyjhxRZUn5bC4yWTPfepcCn,Nike,Budget,57.49999999999999,20.01
men running shoes,Nike Men's Air Max Invigor Cushioned Running Shoes,71.25,$71.25,95.0,95.0,4.6,2000,Kohl's,19,Free delivery,"https://www.google.com/search?ibp=oshop&q=men running shoes&prds=catalogid:10028511761931310167,productid:13530776066945047621,headlineOfferDocid:3884700722562293423,imageDocid:4802533926359599674,rds:PC_4479248600610101282|PROD_PC_4479248600610101282,gpcid:5996046079935664894,pvt:a&hl=en&gl=us&udm=28",https://encrypted-tbn2.gstatic.com/shopping?q=tbn:ANd9GcQt4Wfr1hbrHcfPG9q0veVBR7hRCpL3eaASwt6OSBskWQPD4fuY1h1WewuZfdIr-FkREvgWcCS5Z5WlP-I8E5QYjKL19SIZeyAY6-T_tFw,Nike,Budget,55.00000000000001,25.0
men running shoes,Men's Saucony Guide 19,69.99,$69.99,,,,,DSW,20,,"https://www.google.com/search?ibp=oshop&q=men running shoes&prds=catalogid:14295326867829314213,productid:4459362858596114353,headlineOfferDocid:7823949788798603241,imageDocid:3227313019532000866,gpcid:2426169742529398028,mid:576462898004679888,pvt:a&hl=en&gl=us&udm=28",https://encrypted-tbn2.gstatic.com/shopping?q=tbn:ANd9GcSm8pg861KwbkHg9PdBn4RysA_1MeM2vV2pbVhUb7hCJ9oG8eJx6tsWH8Crz0VtdvIrB2sJa3CKeLiQw7mkgHmAVcTUhjKxuoKRCJP1AZvrONma2wxY_Vvw,Unknown,Budget,52.5,
men running shoes,Nike Men's Air VaporMax Plus,180.0,$180.00,220.0,220.0,4.6,8700,Macy's,21,Free delivery by Thu,"https://www.google.com/search?ibp=oshop&q=men running shoes&prds=catalogid:3469691829703698022,productid:17678409582909835052,headlineOfferDocid:12144987927417397364,imageDocid:18342582896895217160,rds:PC_10663640881001570521|PROD_PC_10663640881001570521,gpcid:10663640881001570521,mid:576462225132640618,pvt:a&hl=en&gl=us&udm=28",https://encrypted-tbn0.gstatic.com/shopping?q=tbn:ANd9GcRhMnPx7g77JD9gBeUvrpvyp2YDkmdzQeOlUjb-qacbTr0NGXRCgq9o8TByaUK0MQ0Hl1bgMnnEOyU3gs1FBhOl-IRZLdVNJPNMvRiiKEKz,Nike,Budget,50.0,18.18
men running shoes,Brooks Men's Adrenaline GTS 25,154.99,$154.99,,,4.7,1800,DICK'S Sporting Goods,22,,"https://www.google.com/search?ibp=oshop&q=men running shoes&prds=catalogid:16015724313897968594,productid:11150684659211005513,headlineOfferDocid:7199135034598635633,imageDocid:107535426206927420,rds:PC_9988667290163301328|PROD_PC_9988667290163301328,gpcid:9988667290163301328,mid:576462899895896728,pvt:a&hl=en&gl=us&udm=28",https://encrypted-tbn0.gstatic.com/shopping?q=tbn:ANd9GcQz9oTMQt_pb4nCxeTUsa-SZj5W0jsrGmCNkpviPJjcyO250SbJIVlUZLguXcJrtL7_VMK3zHXTwsVuy3ewv7eFXCGO7Pzs8QF2Q8w47DI,Unknown,Budget,47.5,
men running shoes,Arc'teryx Men's Norvan LD 4,170.0,$170.00,,,4.4,351,REI,23,Free delivery,"https://www.google.com/search?ibp=oshop&q=men running shoes&prds=catalogid:412376859410984668,productid:16037149913158928100,headlineOfferDocid:395586875387772918,imageDocid:3439245671835315459,rds:PC_18014766816646612256|PROD_PC_18014766816646612256,gpcid:18014766816646612256,mid:576462816985832358,pvt:a&hl=en&gl=us&udm=28",https://encrypted-tbn3.gstatic.com/shopping?q=tbn:ANd9GcSSecaNQQCz-CbL8syTyytHFJJnOFPkXXAf36Arj_B0IRaKeatiIudUj6SAc0gGOjssz30MTiudfe_WKiUsU_cuy5mkDe1Icup3ZP3bkdR_MmUho-oOUxoQ,Unknown,Budget,45.0,
men running shoes,adidas Men's Duramo SL Running,46.4,$46.40,65.0,65.0,4.7,29000,adidas,24,,"https://www.google.com/search?ibp=oshop&q=men running shoes&prds=catalogid:6667735634108904426,productid:7989778289338946466,headlineOfferDocid:4618822520232527482,imageDocid:1351938213745785310,rds:PC_4443186603496961553|PROD_PC_4443186603496961553,gpcid:10547095831629925007,pvt:a&hl=en&gl=us&udm=28",https://encrypted-tbn2.gstatic.com/shopping?q=tbn:ANd9GcSuGMucPbhVpB_HnqYhAXCMrh_05hLq1p8zRIAR9gpLIgAENA61o6UUE9su2dVgDE385jTny5HUIh3slY-sxYRyRWgYMX9azedb02G_mnA,Unknown,Budget,42.5,28.62
men running shoes,Merrell Men's Morphlite,68.49,$68.49,137.0,137.0,4.4,590,SportsShoes.com,25,,"https://www.google.com/search?ibp=oshop&q=men running shoes&prds=catalogid:4915346695722283354,productid:15526654226505288839,headlineOfferDocid:6110515347228759583,imageDocid:10284922714445319889,rds:PC_14474959480645293779|PROD_PC_14474959480645293779,gpcid:14474959480645293779,mid:576462796776241824,pvt:a&hl=en&gl=us&udm=28",https://encrypted-tbn1.gstatic.com/shopping?q=tbn:ANd9GcSpH4BTHUr-t4bV_VhcDL5BUoVMnXQITc3DUb-h1AxJHFLyzvNd7NuRmEoooGzZdwqVcYnTbgTXRE_z8rPqIS7Q1STv4xD9vPhof1r4AH_RiZY_9n1LdcsnoA,Unknown,Budget,40.0,50.01
men running shoes,ASICS Superblast 3,209.99,$209.99,,,4.7,2200,DICK'S Sporting Goods,26,,"https://www.google.com/search?ibp=oshop&q=men running shoes&prds=catalogid:7606502815498715441,productid:9268202358603246290,headlineOfferDocid:7615837264245242772,imageDocid:17827075639870044417,rds:PC_1966260286645330855|PROD_PC_1966260286645330855,gpcid:1966260286645330855,mid:576462882316550679,pvt:a&hl=en&gl=us&udm=28",https://encrypted-tbn1.gstatic.com/shopping?q=tbn:ANd9GcSpJkY3b4udXAijmKLmoyw3jgTm2fyVyDSTklcQeBkonT22kkRxujwnev_BxgAqzCdTQGcoES8vWoXM7ftAN1piRcy-tBFARD_Y0_vq-J52d3omDkRBzkxL4w,Unknown,Budget,37.5,
men running shoes,Hoka Men's Bondi 9,175.0,$175.00,,,4.7,9900,REI,27,Free delivery,"https://www.google.com/search?ibp=oshop&q=men running shoes&prds=catalogid:11695015641039956904,productid:14443761568526514700,headlineOfferDocid:12947902804051775194,imageDocid:11211571384941162223,rds:PC_5763960239387600658|PROD_PC_5763960239387600658,gpcid:5763960239387600658,mid:576462862390141847,pvt:a&hl=en&gl=us&udm=28",https://encrypted-tbn3.gstatic.com/shopping?q=tbn:ANd9GcQ2NqRHf0lVkh6Zo_QQ655lNGuqHklJNctDM8suETer_5HYzTLfLzbo6YqsUL2W80xLshh_VSMDdEktvO4B4lMuEnkuaIKTR80va_W8zC2Z,Unknown,Budget,35.0,
men running shoes,ASICS Men's Versablast 4 Running,79.99,$79.99,,,4.6,1400,DSW,28,,"https://www.google.com/search?ibp=oshop&q=men running shoes&prds=catalogid:5135674592344492841,productid:11746817940157333182,headlineOfferDocid:10860726065882215869,imageDocid:9049237995021166315,rds:PC_2317300296684698826|PROD_PC_2317300296684698826,gpcid:2317300296684698826,mid:576462523754353383,pvt:a&hl=en&gl=us&udm=28",https://encrypted-tbn3.gstatic.com/shopping?q=tbn:ANd9GcTSTfDq_uCs2R9q4NkPzTYl7zsWnvcsYfA0BWnmfa-O9YY6lwqnMtYw0C2VgjXlwoW6whfq3i6euv_AD9nrdBvO1p6N6SZzcrPjdiE6V2pqUa6eZGP0TywM,Unknown,Budget,32.5,
men running shoes,Skechers Men's Go Run Persistence 2 Running Shoe,69.97,$69.97,,,4.9,19,Nordstrom Rack,29,Free delivery on $89+,"https://www.google.com/search?ibp=oshop&q=men running shoes&prds=catalogid:11095539133776428859,productid:5961535806222651613,headlineOfferDocid:11157932009915759119,imageDocid:10403647982768403530,rds:PC_2860080191158348607|PROD_PC_2860080191158348607,gpcid:1432102160047000621,mid:576462549610068778,pvt:a&hl=en&gl=us&udm=28",https://encrypted-tbn2.gstatic.com/shopping?q=tbn:ANd9GcQTOZcf0H1m86OXnNYBeAATIsJjCbN0pW2DzL0KcAHDapRJvzzDt-Cv3ofMz6ds9fg9LSBRPnPTItj4qyHBT8RO0Rik0uJbbWQy_CAgQlGJLT6_DDWwgnE5Ww,Unknown,Budget,30.0,
men running shoes,Brooks Men's Ghost 18,149.99,$149.99,,,4.3,641,DICK'S Sporting Goods,30,,"https://www.google.com/search?ibp=oshop&q=men running shoes&prds=catalogid:11547177955121814202,productid:15590989744959855823,headlineOfferDocid:13868855039476113799,imageDocid:7059813933350300632,rds:PC_7326703641027475137|PROD_PC_7326703641027475137,gpcid:7326703641027475137,mid:576462549196774912,pvt:a&hl=en&gl=us&udm=28",https://encrypted-tbn0.gstatic.com/shopping?q=tbn:ANd9GcSjZ--rtooNTZQ3WrKy7eQQKwppqN3BMWQyL8Ryu33SxgUrKeS3DWTZDUFsXRkpxZ2w2W5yCfO6TKGQ7gNioPqKo4OFI3u8s5xhOCjZjlQMgvb96L-JTeVOAw,Unknown,Budget,27.500000000000004,
men running shoes,Nike ACG Pegasus Trail Running Shoes,155.0,$155.00,,,4.6,69,REI,31,Free delivery,"https://www.google.com/search?ibp=oshop&q=men running shoes&prds=catalogid:17520508620262879821,productid:624488488137146562,headlineOfferDocid:3929577431256471074,imageDocid:12199163030096337735,rds:PC_7008589427942204657|PROD_PC_7008589427942204657,gpcid:7008589427942204657,mid:576462885798558258,pvt:a&hl=en&gl=us&udm=28",https://encrypted-tbn3.gstatic.com/shopping?q=tbn:ANd9GcRPKVHpqWeE60y8Gt_nCKHQhSMe0dPsFWz36FNvHYVvHQC-70v8aEPWchVTzh2ZPPteUf6H484IiAEZwuaASIL4zgNn-SUZe1_6vW9t3fTG8VS7EOIaqr46pQ,Nike,Budget,25.0,
men running shoes,Men's Hoka One One HOKA Bondi 7,165.0,$165.00,,,4.6,11000,Foot Locker,32,Free delivery,"https://www.google.com/search?ibp=oshop&q=men running shoes&prds=catalogid:8897161019723226271,productid:3719364899148730470,headlineOfferDocid:14034606846185291807,imageDocid:8102549764630968109,rds:PC_18359856134126029886|PROD_PC_18359856134126029886,gpcid:18359856134126029886,mid:576462870426240570,pvt:a&hl=en&gl=us&udm=28",https://encrypted-tbn1.gstatic.com/shopping?q=tbn:ANd9GcS2EhPA4_VA2VLfUTjDW5RrTf2wY0efQRUdeRzs46OdEFwKuVqFFTdPu2ZBg8MlJnmuQaea6cxTKNMHojt1w7mpgjDMxwFFLgF_2u1PO9td9c0pCc3Q_Gr4,Unknown,Budget,22.5,
men running shoes,Men's Nike Vomero 18,155.0,$155.00,,,4.7,2900,Nike,33,Free delivery by Thu,"https://www.google.com/search?ibp=oshop&q=men running shoes&prds=catalogid:13317371819248875496,productid:7281266090647458534,headlineOfferDocid:9272050444136628397,imageDocid:8189014212975462772,rds:PC_11099759111364707336|PROD_PC_11099759111364707336,gpcid:11099759111364707336,mid:576462510575467798,pvt:a&hl=en&gl=us&udm=28",https://encrypted-tbn0.gstatic.com/shopping?q=tbn:ANd9GcRuq1c7qXXrSQW66WvZMZjMGdQUhfM0CrGM_pyXxyjX8e-Tk9eIuu4A09w_5-33qnsfVAHWydd7oGIqlP6Vm7aA4budaxLlQMTh1wPMtdlQGZZv1GUIVqwQ,Nike,Budget,20.0,
men running shoes,Men's On Cloudrunner 3,159.99,$159.99,,,4.7,202,DICK'S Sporting Goods,34,,"https://www.google.com/search?ibp=oshop&q=men running shoes&prds=catalogid:15683374274761340055,productid:257392643710212180,headlineOfferDocid:3454640061288626559,imageDocid:91461967306680877,rds:PC_16853097706175125189|PROD_PC_16853097706175125189,gpcid:16853097706175125189,mid:576462536711521258,pvt:a&hl=en&gl=us&udm=28",https://encrypted-tbn1.gstatic.com/shopping?q=tbn:ANd9GcQO3f3pEj3k28qx_SLw0r5aDR-0LrgoDD8BM_HVVx9RPo6IfS7G_VM9-r-Gkz4u2Z2kn1DUG2NnGwN7eVrCGlKXIxRPwuK34ku1DdyyMgfZw71f3GtNnuo2,Unknown,Budget,17.5,
men running shoes,Puma Men's Velocity Nitro 4,140.0,$140.00,,,4.6,448,PUMA,35,Free delivery,"https://www.google.com/search?ibp=oshop&q=men running shoes&prds=catalogid:6052030623778832991,productid:15785652585739144170,headlineOfferDocid:4070137907639781743,imageDocid:7170801333297363169,rds:PC_15704525423410739479|PROD_PC_15704525423410739479,gpcid:15704525423410739479,mid:576462835276886442,pvt:a&hl=en&gl=us&udm=28",https://encrypted-tbn1.gstatic.com/shopping?q=tbn:ANd9GcR-JLhNP3nrfcq7ABn3wOUFnfyX_BUmUpBN4-zaqXtuD6dm__xtvyo2xj-O1cPZAH_-MxCZw0O23jPFaukBf9nKik6yF_WFueaJgY326fsEdMJ-BjUNhhpw,Puma,Budget,15.0,
men running shoes,Men's On Cloudmonster 3,190.0,$190.00,,,4.8,346,REI,36,Free delivery,"https://www.google.com/search?ibp=oshop&q=men running shoes&prds=catalogid:4883870429124483673,productid:10838831489569697371,headlineOfferDocid:14932944845016803106,imageDocid:8322514004887283751,rds:PC_7163354933263802517|PROD_PC_7163354933263802517,gpcid:7163354933263802517,mid:576462878434967505,pvt:a&hl=en&gl=us&udm=28",https://encrypted-tbn3.gstatic.com/shopping?q=tbn:ANd9GcQX2vYbya7Lyt6Ff4uIbJviZ_FvH1poslqOkgPeTsKVzVdJYQewUVU2zzFQ84GubGR9OMgSCuc0Gi0WDxhODvn5GKtg8A4JFSykXo27i-NrO8Kx9ZJgsCbj,Unknown,Budget,12.5,
men running shoes,Nike Men's Revolution 8 Low-Top Running Shoes,69.98,$69.98,75.0,75.0,4.6,49,Famous Footwear,37,,"https://www.google.com/search?ibp=oshop&q=men running shoes&prds=catalogid:3759732217498610530,productid:18018818108459212365,headlineOfferDocid:2618325011404902909,imageDocid:17472396961497652034,rds:PC_12801647412315816915|PROD_PC_12801647412315816915,gpcid:12801647412315816915,mid:576462897656815667,pvt:a&hl=en&gl=us&udm=28",https://encrypted-tbn2.gstatic.com/shopping?q=tbn:ANd9GcTBN4FuMn2Zlc5h-El7zr_6TKd491cyHwdIjXIrl7yAjAgZsQMzRPhY90xPIJZWat7RiA8IbO_LytFXhyUaucE_iBD4YbMC2st69TBdRF5G,Nike,Budget,10.0,6.69
men running shoes,New Balance Men's Ellipse v1 Running Shoes,109.98,$109.98,145.0,145.0,4.8,26,DICK'S Sporting Goods,38,,"https://www.google.com/search?ibp=oshop&q=men running shoes&prds=catalogid:5957105585065994589,productid:12525433841534528809,headlineOfferDocid:12166713481053647029,imageDocid:8880881257446037059,rds:PC_246688986145367597|PROD_PC_246688986145367597,gpcid:246688986145367597,mid:576462898563596732,pvt:a&hl=en&gl=us&udm=28",https://encrypted-tbn3.gstatic.com/shopping?q=tbn:ANd9GcSKkpfjiUF18dqsP6nP2ul_0yyPEcDoROs7a_YxqrFL0GJX8dGP2CZUwrC8QYXrXHlQnPGJ6-HD8hpU2_prRqM4Uet66oAUxOLAltktLwFbly64SKDhwCp1,Unknown,Budget,7.5,24.15
men running shoes,adidas Men's Swift Run 1.0 Running Shoes,60.0,$60.00,80.0,80.0,4.5,2900,Kohl's,39,Free delivery,"https://www.google.com/search?ibp=oshop&q=men running shoes&prds=catalogid:5651206661078591708,productid:2495576646149201083,headlineOfferDocid:11812775050494808631,imageDocid:15221583169867043891,rds:PC_12578385131650934730|PROD_PC_12578385131650934730,gpcid:17893926527766830009,mid:576462888482746314,pvt:a&hl=en&gl=us&udm=28",https://encrypted-tbn3.gstatic.com/shopping?q=tbn:ANd9GcRHsmuVnwK6AhOEzyaT1nc9e3sCdZ72fG0JI4Rhl1KoO-Q4dazMXf1JWm2f7d6ikqD8GbI9iSFGjy7H-yPX5quIthhF1EhXe9kAKy-Jtdw,Unknown,Budget,5.0,25.0
men running shoes,Men's Brooks Ghost Max 3,109.95,$109.95,160.0,160.0,4.6,1400,Brooks Running,40,,"https://www.google.com/search?ibp=oshop&q=men running shoes&prds=catalogid:10650691966157141177,productid:3070732561670964387,headlineOfferDocid:7975469320491295992,imageDocid:10840455154737276851,rds:PC_2678162928301455596|PROD_PC_2678162928301455596,gpcid:2678162928301455596,mid:576462828034469706,pvt:a&hl=en&gl=us&udm=28",https://encrypted-tbn3.gstatic.com/shopping?q=tbn:ANd9GcR2sY_JcDJyPqHASHd-h-rHCtMcmbW8rSBH4b5C6xqYF2kjCNy3hRv8ZEKyH6c3zphwcOYI7yr1maDDhLYUN1q2RcPBYXxn9GsyuCla3gc,Unknown,Budget,2.5,31.28
